Survived,Pclass,Age,SibSp,Parch,Fare,has_cabin,family_size,is_alone,fare_per_person,sex_encoded,age_group_encoded,fare_bin_encoded,Embarked_C,Embarked_Q,Embarked_S,title_Master,title_Miss,title_Mrs,title_Rare
0,3,-0.5348911628688886,1,0,-0.5641087873940193,0,0.059159876663617626,0,-0.5476058507246607,0,2,0,0,0,1,0,0,0,0
1,1,0.6683917564561223,1,0,0.9425480546638041,1,0.059159876663617626,0,0.5808979535718629,1,2,3,1,0,0,0,0,1,0
1,3,-0.23407043303763592,0,0,-0.548226529750121,0,-0.5609748304808925,1,-0.39604201258184907,1,2,1,0,0,1,0,1,0,0
1,1,0.4427762090826827,1,0,0.5147082688618853,1,0.059159876663617626,0,0.26044089100184115,1,2,3,0,0,1,0,0,1,0
0,3,0.4427762090826827,0,0,-0.5452853709271769,0,-0.5609748304808925,1,-0.39163608705444175,0,2,1,0,0,1,0,0,0,0
0,3,-0.3092756154954491,0,0,-0.5356783697479123,0,-0.5609748304808925,1,-0.3772445719117185,0,2,1,0,1,0,0,0,0,0
0,1,1.8716746757811333,0,0,0.4855907965147383,1,-0.5609748304808925,1,1.1526408103018226,0,2,3,0,0,1,0,0,0,0
0,3,-2.038994812025152,3,1,-0.23881662157639924,0,1.9195639980971482,0,-0.5268098822352982,0,0,2,0,0,1,1,0,0,0
1,3,-0.15886525057982273,0,2,-0.47273757093690794,0,0.6792945838081278,0,-0.5445710492213827,1,2,1,0,0,1,0,0,1,0
1,2,-1.136532622531394,1,0,-0.027152009260873307,0,0.059159876663617626,0,-0.14541886962123324,1,1,2,1,0,0,0,0,1,0
1,3,-1.8885844471095259,1,1,-0.3417571803794436,1,0.6792945838081278,0,-0.47916714086560047,1,0,2,0,0,1,0,1,0,0
1,1,2.172495405612386,0,0,-0.10999386513144661,1,-0.5609748304808925,1,0.26044089100184115,1,2,2,0,0,1,0,1,0,0
0,3,-0.685301527784515,0,0,-0.5452853709271769,0,-0.5609748304808925,1,-0.39163608705444175,0,2,1,0,0,1,0,0,0,0
0,3,0.7435969389139355,1,5,0.0011819383758412065,0,3.1598334123861687,0,-0.5178973243112858,0,2,3,0,0,1,0,0,0,0
0,3,-1.136532622531394,0,0,-0.5498924021074366,0,-0.5609748304808925,1,-0.39853752880057264,1,1,0,0,0,1,0,1,0,0
1,2,1.9468798582389464,0,0,-0.35822766978793064,0,-0.5609748304808925,1,-0.11141922351133643,1,2,2,0,0,1,0,0,1,0
0,3,-2.038994812025152,4,1,-0.04940599337879768,0,2.5396987052416584,0,-0.5042809163718222,0,0,2,0,1,0,1,0,0,0
1,2,0.06675029679361683,0,0,-0.4288154815385896,0,-0.5609748304808925,1,-0.21716143616911202,0,2,1,0,0,1,0,0,0,0
0,3,0.14195547925143,1,0,-0.3111691286208247,0,0.059159876663617626,0,-0.35815105304614614,1,2,2,0,0,1,0,0,1,0
1,3,-0.5724937540977952,0,0,-0.5646970191586081,0,-0.5609748304808925,1,-0.42071519553533004,1,2,0,1,0,0,0,0,1,0
0,2,0.4427762090826827,0,0,-0.12293496395240078,0,-0.5609748304808925,1,0.24105481868124892,0,2,2,0,0,1,0,0,0,0
1,2,0.36757102662486957,0,0,-0.4288154815385896,1,-0.5609748304808925,1,-0.21716143616911202,0,2,1,0,0,1,0,0,0,0
1,3,-1.061327440073581,0,0,-0.5457747797553149,0,-0.5609748304808925,1,-0.39236923306220234,1,1,1,0,1,0,0,1,0,0
1,1,-0.08366006812200955,0,0,0.10059310659135261,1,-0.5609748304808925,1,0.575905158764205,0,2,3,0,0,1,0,0,0,0
0,3,-1.5877637172782733,3,1,-0.23881662157639924,0,1.9195639980971482,0,-0.5268098822352982,1,0,2,0,0,1,0,1,0,0
1,3,0.6683917564561223,1,5,0.003828981316490934,0,3.1598334123861687,0,-0.5173308481720477,1,2,3,0,0,1,0,0,1,0
0,3,-0.3092756154954491,0,0,-0.5646970191586081,0,-0.5609748304808925,1,-0.42071519553533004,0,2,0,1,0,0,0,0,0,0
0,1,-0.7605067102423282,3,2,5.124238728242953,1,2.5396987052416584,0,0.787426123888799,0,2,3,0,0,1,0,0,0,0
1,3,-0.5724937540977952,0,0,-0.5493041703428477,0,-0.5609748304808925,1,-0.3976563436950911,1,2,0,0,1,0,0,1,0,0
0,3,-0.3092756154954491,0,0,-0.5489135844511608,0,-0.5609748304808925,1,-0.3970712367850514,0,2,0,0,0,1,0,0,0,0
0,1,0.8188021213717487,0,0,-0.08244579513222278,0,-0.5609748304808925,1,0.301708551861749,0,2,2,1,0,0,0,0,0,1
1,1,0.4427762090826827,1,0,2.7128315501938722,1,0.059159876663617626,0,1.9068612410450951,1,2,3,1,0,0,0,0,1,0
1,3,-0.5724937540977952,0,0,-0.5523441521022427,0,-0.5609748304808925,1,-0.4022103083202193,1,2,0,0,1,0,0,1,0,0
0,2,2.7741368652748912,0,0,-0.4876386579974721,0,-0.5609748304808925,1,-0.30527994671725833,0,3,1,0,0,1,0,0,0,0
0,1,-0.08366006812200955,1,0,1.1987229881422372,0,0.059159876663617626,0,0.7727760102904516,0,2,3,1,0,0,0,0,0,0
0,1,0.969212486287375,1,0,0.4888260712199769,0,0.059159876663617626,0,0.24105481868124892,0,2,3,0,0,1,0,0,0,0
1,3,-0.3092756154954491,0,0,-0.5645981962221572,0,-0.5609748304808925,1,-0.4205671564376092,0,2,0,1,0,0,0,0,0,0
0,3,-0.6100963453267019,0,0,-0.5452853709271769,0,-0.5609748304808925,1,-0.39163608705444175,0,2,1,0,0,1,0,0,0,0
0,3,-0.8357118927001413,2,0,-0.3111691286208247,0,0.6792945838081278,0,-0.46389326570392175,1,2,2,0,0,1,0,1,0,0
1,3,-1.136532622531394,1,0,-0.4701869980056509,0,0.059159876663617626,0,-0.4772573190136536,1,1,1,1,0,0,0,1,0,0
0,3,0.8188021213717487,1,0,-0.511756160345614,0,0.059159876663617626,0,-0.5083931135307357,1,2,1,0,0,1,0,0,1,0
0,2,-0.15886525057982273,1,0,-0.2405813168701657,0,0.059159876663617626,0,-0.30527994671725833,1,2,2,0,0,1,0,0,1,0
0,3,-0.3092756154954491,0,0,-0.5489135844511608,0,-0.5609748304808925,1,-0.3970712367850514,0,2,0,1,0,0,0,0,0,0
1,2,-1.9637896295673392,1,2,0.24363224832288793,0,1.299429290952638,0,-0.30898797364112435,1,0,3,1,0,0,0,1,0,0
1,3,-0.7605067102423282,0,0,-0.5493041703428477,0,-0.5609748304808925,1,-0.3976563436950911,1,2,0,0,1,0,0,1,0,0
0,3,-0.3092756154954491,0,0,-0.5452853709271769,0,-0.5609748304808925,1,-0.39163608705444175,0,2,1,0,0,1,0,0,0,0
0,3,-0.3092756154954491,1,0,-0.36999230507970715,0,0.059159876663617626,0,-0.4022103083202193,0,2,2,0,1,0,0,0,0,0
1,3,-0.5724937540977952,0,0,-0.5523441521022427,0,-0.5609748304808925,1,-0.4022103083202193,1,2,0,0,1,0,0,1,0,0
0,3,-0.3092756154954491,2,0,-0.22460023628981649,0,0.6792945838081278,0,-0.420665849169423,0,2,2,1,0,0,0,0,0,0
0,3,-0.8357118927001413,1,0,-0.3158749827375353,0,0.059159876663617626,0,-0.361675793468072,1,2,2,0,0,1,0,0,1,0
0,3,-1.6629688997360863,4,1,0.19912192715998075,0,2.5396987052416584,0,-0.4422307985275025,0,0,3,0,0,1,1,0,0,0
0,3,-0.6100963453267019,0,0,-0.5511676885730651,0,-0.5609748304808925,1,-0.4004479381092564,0,2,0,0,0,1,0,0,0,0
1,1,1.4956487634920672,1,0,1.0706861093347755,1,0.059159876663617626,0,0.676874872890693,1,2,3,1,0,0,0,0,1,0
1,2,-0.008454885664196365,1,0,-0.12293496395240078,0,0.059159876663617626,0,-0.21716143616911202,1,2,2,0,0,1,0,0,1,0
0,1,2.6989316828170784,0,1,0.7236293682273689,1,0.059159876663617626,0,0.41692526677366126,0,3,3,1,0,0,0,0,0,0
1,1,0.8188021213717487,0,0,0.10059310659135261,1,-0.5609748304808925,1,0.575905158764205,0,2,3,0,0,1,0,0,0,0
1,2,-0.6100963453267019,0,0,-0.4876386579974721,0,-0.5609748304808925,1,-0.30527994671725833,1,2,1,0,0,1,0,1,0,0
0,3,-0.04605747689310296,0,0,-0.5645981962221572,0,-0.5609748304808925,1,-0.4205671564376092,0,2,0,1,0,0,0,0,0,0
1,2,-1.8133792646517128,1,2,-0.08175874043118304,0,1.299429290952638,0,-0.4308488242483669,1,0,2,0,0,1,0,1,0,0
0,3,-1.3621481699048337,5,2,0.36882679124385664,0,3.779968119530679,0,-0.4687397837840698,0,0,3,0,0,1,1,0,0,0
0,3,-0.5348911628688886,0,0,-0.5645981962221572,0,-0.5609748304808925,1,-0.4205671564376092,0,2,0,1,0,0,0,0,0,0
1,1,0.6683917564561223,0,0,1.1476456475594605,1,-0.5609748304808925,1,2.1444146465212097,1,2,3,0,0,1,0,1,0,0
0,1,1.1948280336608146,1,0,1.229409862837307,1,0.059159876663617626,0,0.79576084258183,0,2,3,0,0,1,0,0,0,0
0,3,-1.8885844471095259,3,2,-0.07822934984365013,0,2.5396987052416584,0,-0.5114772613999208,0,0,2,0,0,1,1,0,0,0
0,1,0.8188021213717487,0,0,-0.08244579513222278,0,-0.5609748304808925,1,0.301708551861749,0,2,2,1,0,0,0,0,0,0
1,3,-0.3092756154954491,1,1,-0.3759734456620463,0,0.6792945838081278,0,-0.4962527326041491,0,2,2,1,0,0,1,0,0,0
1,2,-0.008454885664196365,0,0,-0.4876386579974721,1,-0.5609748304808925,1,-0.30527994671725833,1,2,1,0,0,1,0,0,1,0
0,3,-0.7605067102423282,0,0,-0.5427371509229781,0,-0.5609748304808925,1,-0.38781879317749607,0,2,1,0,0,1,0,0,0,0
1,3,-0.9109170751579546,4,2,-0.548226529750121,0,3.1598334123861687,0,-0.6354725940998125,1,1,1,0,0,1,0,1,0,0
0,3,-0.23407043303763592,2,0,-0.5308736926947507,0,0.6792945838081278,0,-0.573600811336364,0,2,1,0,0,1,0,0,0,0
0,2,0.2171606617092432,0,0,-0.4876386579974721,0,-0.5609748304808925,1,-0.30527994671725833,0,2,1,0,0,1,0,0,0,0
0,3,-0.9861222576157678,5,2,0.36882679124385664,0,3.779968119530679,0,-0.4687397837840698,1,1,3,0,0,1,0,1,0,0
0,2,-0.6100963453267019,0,0,0.994705388766366,0,-0.5609748304808925,1,1.9153065190960292,0,2,3,0,0,1,0,0,0,0
0,3,-0.23407043303763592,1,0,-0.3945992162559869,0,0.059159876663617626,0,-0.4206411759864696,0,2,1,1,0,0,0,0,0,0
1,3,0.2171606617092432,0,0,0.5946089659095145,0,-0.5609748304808925,1,1.3159526082709134,0,2,3,0,0,1,0,0,0,0
0,3,-0.3092756154954491,0,0,-0.5546970791605981,1,-0.5609748304808925,1,-0.40573504874214517,0,2,0,0,0,1,0,0,0,0
0,3,-0.3092756154954491,0,0,-0.5489135844511608,0,-0.5609748304808925,1,-0.3970712367850514,0,2,0,0,0,1,0,0,0,0
0,3,-0.3092756154954491,0,0,-0.5452853709271769,0,-0.5609748304808925,1,-0.39163608705444175,0,2,1,0,0,1,0,0,0,0
1,2,-2.126984875500794,0,2,-0.052347152201741805,0,0.6792945838081278,0,-0.33465278356664047,0,0,2,0,0,1,1,0,0,0
1,3,0.06675029679361683,0,0,-0.44116834859495496,0,-0.5609748304808925,1,-0.23566632338422278,1,2,1,0,0,1,0,1,0,0
0,3,-0.5348911628688886,0,0,-0.5229325638728015,0,-0.5609748304808925,1,-0.35815105304614614,0,2,1,0,0,1,0,0,0,0
1,3,-0.008454885664196365,0,0,-0.5111679285810251,0,-0.5609748304808925,1,-0.34052735093651687,0,2,1,0,0,1,0,0,0,0
1,3,-0.5724937540977952,0,0,-0.5514618044553596,0,-0.5609748304808925,1,-0.40088853066199714,1,2,0,0,1,0,0,1,0,0
0,1,-0.08366006812200955,0,0,0.3735326453605673,0,-0.5609748304808925,1,0.984775047707604,0,2,3,0,0,1,0,0,0,0
1,2,-0.9109170751579546,0,0,-0.4876386579974721,0,-0.5609748304808925,1,-0.30527994671725833,1,1,1,0,0,1,0,1,0,0
1,3,0.29236584416705635,3,0,-0.3617570603754636,0,1.299429290952638,0,-0.535709851800661,1,2,2,0,0,1,0,0,1,0
0,3,-0.9861222576157678,1,3,0.0741226771848555,0,1.9195639980971482,0,-0.43305178701207053,0,1,3,0,0,1,0,0,0,0
0,3,-0.3092756154954491,0,0,-0.5452853709271769,0,-0.5609748304808925,1,-0.39163608705444175,0,2,1,0,0,1,0,0,0,0
1,1,-0.45968598041107545,3,2,5.124238728242953,1,2.5396987052416584,0,0.787426123888799,1,2,3,0,0,1,0,1,0,0
0,3,-0.3844807979532623,0,0,-0.5452853709271769,0,-0.5609748304808925,1,-0.39163608705444175,0,2,1,0,0,1,0,0,0,0
0,3,-0.008454885664196365,0,0,-0.5452853709271769,0,-0.5609748304808925,1,-0.39163608705444175,0,2,1,0,0,1,0,0,0,0
0,3,-0.685301527784515,0,0,-0.5498924021074366,0,-0.5609748304808925,1,-0.39853752880057264,0,2,0,0,0,1,0,0,0,0
0,1,1.2700332161186279,1,0,0.7047071288240755,1,0.059159876663617626,0,0.4027522855370974,0,2,3,0,0,1,0,0,0,0
0,3,-0.23407043303763592,1,2,-0.25058125686817573,0,1.299429290952638,0,-0.49407385556666183,0,2,2,0,0,1,0,0,0,0
0,3,2.2477005880701992,0,0,-0.5641087873940193,0,-0.5609748304808925,1,-0.4198340104298486,0,2,0,0,0,1,0,0,0,0
0,3,-0.3092756154954491,0,0,-0.5452853709271769,0,-0.5609748304808925,1,-0.39163608705444175,0,2,1,0,0,1,0,0,0,0
0,1,3.1501627775639576,0,0,0.08069204953178356,1,-0.5609748304808925,1,0.5460929042755562,0,3,3,1,0,0,0,0,0,0
1,1,-0.45968598041107545,0,1,0.7560785852891467,1,0.059159876663617626,0,0.441230114353051,0,2,3,1,0,0,0,0,0,0
1,2,0.36757102662486957,0,1,-0.19352277570305973,0,0.059159876663617626,0,-0.27003254249799985,1,2,2,0,0,1,0,0,1,0
0,2,0.36757102662486957,1,0,-0.12293496395240078,0,0.059159876663617626,0,-0.21716143616911202,0,2,2,0,0,1,0,0,0,0
0,3,-0.08366006812200955,0,0,-0.5489135844511608,0,-0.5609748304808925,1,-0.3970712367850514,1,2,0,0,0,1,0,1,0,0
0,3,-0.3092756154954491,0,0,-0.5489135844511608,0,-0.5609748304808925,1,-0.3970712367850514,0,2,0,0,0,1,0,0,0,0
0,1,-0.6100963453267019,0,1,1.083822501101573,1,0.059159876663617626,0,0.6867141857784989,0,2,3,0,0,1,0,0,0,0
0,3,0.29236584416705635,0,0,-0.5310689856405942,0,-0.5609748304808925,1,-0.37033960542516575,0,2,1,0,0,1,0,0,0,0
0,3,0.5931865739983091,2,0,-0.548226529750121,0,0.6792945838081278,0,-0.5822657982069317,0,2,1,0,0,1,0,0,0,0
0,3,-0.08366006812200955,0,0,-0.5489135844511608,0,-0.5609748304808925,1,-0.3970712367850514,0,2,0,0,0,1,0,0,0,0
1,3,-0.6100963453267019,0,0,-0.5546970791605981,0,-0.5609748304808925,1,-0.40573504874214517,1,2,0,0,0,1,0,1,0,0
1,3,-0.3092756154954491,0,0,-0.551755920337654,0,-0.5609748304808925,1,-0.40132912321473785,0,2,0,0,0,1,0,0,0,0
0,3,0.6683917564561223,0,0,-0.5489135844511608,0,-0.5609748304808925,1,-0.3970712367850514,0,2,0,0,0,1,0,0,0,0
1,3,-0.5724937540977952,1,0,-0.16646411453197382,0,0.059159876663617626,0,-0.2497652850719262,1,2,2,0,1,0,0,1,0,0
0,1,1.345238398576441,0,0,0.4888260712199769,1,-0.5609748304808925,1,1.1574873283819709,0,2,3,0,0,1,0,0,0,0
0,3,-1.0989300313024875,1,0,-0.3945992162559869,0,0.059159876663617626,0,-0.4206411759864696,1,1,1,1,0,0,0,1,0,0
0,3,-0.5348911628688886,0,0,-0.5452853709271769,0,-0.5609748304808925,1,-0.39163608705444175,0,2,1,0,0,1,0,0,0,0
0,3,-0.685301527784515,1,0,-0.5035209156413704,0,0.059159876663617626,0,-0.5022248177923654,1,2,1,0,0,1,0,1,0,0
0,3,-0.9109170751579546,0,0,-0.39450274624659437,0,-0.5609748304808925,1,-0.16576014659616733,1,1,2,1,0,0,0,1,0,0
0,3,-0.6100963453267019,0,0,-0.548226529750121,0,-0.5609748304808925,1,-0.39604201258184907,0,2,1,0,0,1,0,0,0,0
0,3,3.1125601863350507,0,0,-0.5523441521022427,0,-0.5609748304808925,1,-0.4022103083202193,0,3,0,0,1,0,0,0,0,0
0,2,-0.008454885664196365,1,0,-0.2405813168701657,0,0.059159876663617626,0,-0.30527994671725833,0,2,2,0,0,1,0,0,0,0
0,1,-0.3844807979532623,0,1,5.089287879132724,1,0.059159876663617626,0,3.6868551541176506,0,2,3,1,0,0,0,0,0,0
0,3,-2.038994812025152,4,2,0.0011819383758412065,0,3.1598334123861687,0,-0.5178973243112858,1,0,3,0,0,1,0,1,0,0
0,2,-0.6100963453267019,2,0,0.994705388766366,0,0.6792945838081278,0,0.18818371235236112,0,2,3,0,0,1,0,0,0,0
0,3,-0.3092756154954491,0,0,-0.5452853709271769,0,-0.5609748304808925,1,-0.39163608705444175,0,2,1,0,0,1,0,0,0,0
0,2,0.2547632529381498,1,0,-0.027152009260873307,0,0.059159876663617626,0,-0.14541886962123324,0,2,2,1,0,0,0,0,0,0
1,2,0.2547632529381498,0,0,-0.4288154815385896,1,-0.5609748304808925,1,-0.21716143616911202,1,2,1,0,0,1,0,1,0,0
0,1,1.8716746757811333,0,1,1.083822501101573,1,0.059159876663617626,0,0.6867141857784989,0,2,3,0,0,1,0,0,0,0
1,3,-1.2869429874470204,1,0,-0.4701869980056509,0,0.059159876663617626,0,-0.4772573190136536,0,0,1,1,0,0,1,0,0,0
0,3,-0.3092756154954491,0,0,-0.5523441521022427,0,-0.5609748304808925,1,-0.4022103083202193,0,2,0,0,1,0,0,0,0,0
1,3,-0.3844807979532623,0,0,-0.5666570073982181,0,-0.5609748304808925,1,-0.42365130430679426,0,2,0,0,0,1,0,0,0,0
1,3,-0.5724937540977952,1,1,-0.20862150863652568,1,0.6792945838081278,0,-0.412687011767657,1,2,2,1,0,0,0,1,0,0
0,3,1.1948280336608146,0,0,-0.5705793368044965,0,-0.5609748304808925,1,-0.4295270465901447,0,2,0,0,0,1,0,0,0,0
0,3,0.29236584416705635,0,0,-0.5489135844511608,0,-0.5609748304808925,1,-0.3970712367850514,0,2,0,1,0,0,0,0,0,0
0,3,-0.685301527784515,0,0,-0.5688146415107299,0,-0.5609748304808925,1,-0.4268834912737003,0,2,0,0,0,1,0,0,0,0
0,3,1.345238398576441,1,0,-0.3935215756632601,0,0.059159876663617626,0,-0.4198340104298486,1,2,2,0,0,1,0,0,1,0
1,2,-0.008454885664196365,1,0,-0.12293496395240078,0,0.059159876663617626,0,-0.21716143616911202,1,2,2,0,0,1,0,0,1,0
0,2,-0.3092756154954491,0,0,-0.4288154815385896,0,-0.5609748304808925,1,-0.21716143616911202,0,2,1,0,0,1,0,0,0,0
0,2,-0.45968598041107545,0,0,-0.3806792997787569,0,-0.5609748304808925,1,-0.14505229661735292,0,2,2,1,0,0,0,0,0,0
1,1,-0.7605067102423282,0,2,-0.1162691215960802,1,0.6792945838081278,0,-0.366571657914127,1,2,2,0,0,1,0,1,0,0
0,1,0.5931865739983091,1,0,0.5147082688618853,1,0.059159876663617626,0,0.26044089100184115,0,2,3,0,0,1,0,0,0,0
0,3,-0.9861222576157678,0,0,-0.5178337709373456,0,-0.5609748304808925,1,-0.35051294055183285,0,1,1,0,0,1,0,0,0,0
0,1,-0.3844807979532623,0,0,1.1288222310926181,1,-0.5609748304808925,1,2.116216723145803,0,2,3,1,0,0,0,0,0,0
0,3,-0.5724937540977952,0,2,-0.3759734456620463,0,0.6792945838081278,0,-0.4962527326041491,1,2,2,1,0,0,0,0,1,0
1,3,-0.5348911628688886,0,0,-0.5523441521022427,0,-0.5609748304808925,1,-0.4022103083202193,1,2,0,0,0,1,0,1,0,0
1,3,-0.3844807979532623,1,0,-0.3617570603754636,0,0.059159876663617626,0,-0.39604201258184907,1,2,2,0,0,1,0,0,1,0
0,3,-0.7605067102423282,0,0,-0.5758734226857958,0,-0.5609748304808925,1,-0.43745771253947785,0,2,0,0,1,0,0,0,0,0
0,2,-0.8357118927001413,0,0,-0.4641093874139191,0,-0.5609748304808925,1,-0.27003254249799985,0,2,1,0,0,1,0,0,0,0
0,2,-0.7605067102423282,1,1,0.13000469482079385,0,0.6792945838081278,0,-0.24359698933355592,0,2,3,0,0,1,0,0,0,0
1,3,-0.15886525057982273,0,0,-0.5512665115095161,0,-0.5609748304808925,1,-0.4005959772069773,0,2,0,0,0,1,0,0,0,0
0,3,-1.51255853482046,2,2,0.0741226771848555,0,1.9195639980971482,0,-0.43305178701207053,1,0,3,0,0,1,0,1,0,0
0,2,0.5555839827694025,0,2,-0.12293496395240078,1,0.6792945838081278,0,-0.369900187785899,0,2,2,0,0,1,0,0,0,0
0,2,0.969212486287375,0,0,-0.4288154815385896,0,-0.5609748304808925,1,-0.21716143616911202,0,2,1,0,0,1,0,0,0,1
0,2,1.6460591284076938,0,0,-0.43999188506577724,0,-0.5609748304808925,1,-0.23390395317325982,0,2,1,0,0,1,0,0,0,1
1,1,-0.5348911628688886,1,0,0.8323534217398503,1,0.059159876663617626,0,0.4983608694818361,1,2,3,0,0,1,0,0,1,0
0,3,1.984482449467853,0,0,-0.5452853709271769,0,-0.5609748304808925,1,-0.39163608705444175,0,2,1,0,0,1,0,0,0,0
0,3,0.8564047126006552,0,2,-0.3935215756632601,0,0.6792945838081278,0,-0.5050152372930568,0,2,2,0,0,1,0,0,0,0
0,3,-0.3092756154954491,0,0,-0.5626382079825473,0,-0.5609748304808925,1,-0.41763104766614495,0,2,0,0,0,1,0,0,0,0
0,1,1.6460591284076938,0,1,0.7095118058772371,0,0.059159876663617626,0,0.4063510455078837,0,2,3,1,0,0,0,0,0,0
1,3,-0.9861222576157678,0,0,-0.5527370909209881,0,-0.5609748304808925,1,-0.40279893997068095,1,1,0,0,1,0,0,1,0,0
0,3,0.06675029679361683,0,0,-0.5452853709271769,0,-0.5609748304808925,1,-0.39163608705444175,0,2,1,0,0,1,0,0,0,0
0,3,-0.3092756154954491,0,0,-0.5308736926947507,0,-0.5609748304808925,1,-0.3700470519701459,0,2,1,0,0,1,0,0,0,0
0,3,-0.3092756154954491,8,2,0.9017647699613317,0,5.64037224096421,0,-0.4525179670695247,0,2,3,0,0,1,1,0,0,0
0,3,1.1196228512030013,0,1,-0.3558747427295753,0,0.059159876663617626,0,-0.39163608705444175,0,2,2,0,0,1,0,0,0,0
1,2,0.8188021213717487,0,0,-0.3641099874338189,0,-0.5609748304808925,1,-0.12023107456615106,1,2,2,0,0,1,0,0,1,0
0,3,-0.23407043303763592,0,0,-0.551755920337654,0,-0.5609748304808925,1,-0.40132912321473785,0,2,0,0,0,1,0,0,0,0
0,3,-0.9109170751579546,0,0,-0.5308736926947507,0,-0.5609748304808925,1,-0.3700470519701459,0,1,1,0,0,1,0,0,0,0
0,3,-2.1141999944829655,4,1,0.19912192715998075,0,2.5396987052416584,0,-0.4422307985275025,0,0,3,0,0,1,1,0,0,0
1,3,-1.51255853482046,0,2,-0.2517577203973534,0,0.6792945838081278,0,-0.4342267004860459,0,0,2,0,0,1,1,0,0,0
1,1,0.4427762090826827,0,1,0.5594138829706359,1,0.059159876663617626,0,0.2939259250101367,1,2,3,0,0,1,0,0,1,0
0,3,1.1948280336608146,1,4,-0.07822934984365013,0,2.5396987052416584,0,-0.5114772613999208,1,2,2,0,0,1,0,0,1,0
0,1,0.8188021213717487,0,0,-0.12469965924616723,0,-0.5609748304808925,1,0.23841126336480456,0,2,2,0,0,1,0,0,0,0
0,3,-0.08366006812200955,0,0,0.5946089659095145,0,-0.5609748304808925,1,1.3159526082709134,0,2,3,0,0,1,0,0,0,0
0,1,2.3981109529858253,0,0,0.05353456542424664,1,-0.5609748304808925,1,0.5054103503256879,0,3,3,0,0,1,0,0,0,0
0,3,-1.8885844471095259,4,1,-0.04940599337879768,0,2.5396987052416584,0,-0.5042809163718222,0,0,2,0,1,0,1,0,0,0
1,3,-2.1141999944829655,1,1,-0.47273757093690794,0,0.6792945838081278,0,-0.5445710492213827,1,0,1,0,0,1,0,1,0,0
0,3,-0.6100963453267019,0,0,-0.548226529750121,0,-0.5609748304808925,1,-0.39604201258184907,0,2,1,0,0,1,0,0,0,0
0,1,2.0220850406967594,0,0,-0.012446215146152687,1,-0.5609748304808925,1,0.4065695794140431,0,2,2,1,0,0,0,0,0,0
0,3,-0.8357118927001413,1,1,-0.5498924021074366,0,0.6792945838081278,0,-0.5830976369465062,0,2,0,0,0,1,0,0,0,0
0,3,-0.3092756154954491,3,1,-0.1354831239546096,0,1.9195639980971482,0,-0.49585067721335474,0,2,2,0,0,1,1,0,0,0
0,1,1.5708539459498805,0,0,-0.05911181749451332,1,-0.5609748304808925,1,0.33666340262598765,1,2,2,1,0,0,0,1,0,0
0,2,0.06675029679361683,0,0,-0.4288154815385896,0,-0.5609748304808925,1,-0.21716143616911202,0,2,1,0,0,1,0,0,0,0
0,3,0.5179813915404959,0,0,-0.7346959991247785,0,-0.5609748304808925,1,-0.675377691019473,0,2,0,0,0,1,0,0,0,0
0,3,-0.5724937540977952,8,2,0.9017647699613317,0,5.64037224096421,0,-0.4525179670695247,1,2,3,0,0,1,0,1,0,0
0,2,0.06675029679361683,0,0,-0.38058047684230595,0,-0.5609748304808925,1,-0.144904257519632,0,2,2,1,0,0,0,0,0,0
0,3,-1.51255853482046,4,2,0.003828981316490934,0,3.1598334123861687,0,-0.5173308481720477,0,0,3,0,0,1,1,0,0,0
1,2,-2.1141999944829655,2,1,0.18294555363378806,1,1.299429290952638,0,-0.33171549988170224,0,0,3,0,0,1,1,0,0,0
1,3,-1.8885844471095259,0,2,-0.21646381452202393,0,0.6792945838081278,0,-0.4166029983764166,1,0,2,0,0,1,0,1,0,0
0,1,0.8188021213717487,0,0,0.44176753005287095,1,-0.5609748304808925,1,1.0869925199434538,0,2,3,0,0,1,0,0,0,0
1,3,-0.5724937540977952,1,0,-0.36999230507970715,0,0.059159876663617626,0,-0.4022103083202193,1,2,2,0,1,0,0,0,1,0
1,1,1.1948280336608146,0,0,-0.10999386513144661,0,-0.5609748304808925,1,0.26044089100184115,0,2,2,0,0,1,0,0,0,0
0,3,0.8188021213717487,1,1,-0.36999230507970715,0,0.6792945838081278,0,-0.49326610255330383,0,2,2,0,1,0,0,0,0,0
0,3,0.5179813915404959,0,0,-0.5489135844511608,0,-0.5609748304808925,1,-0.3970712367850514,0,2,0,0,0,1,0,0,0,0
1,2,0.2171606617092432,0,0,-0.4288154815385896,0,-0.5609748304808925,1,-0.21716143616911202,1,2,1,0,0,1,0,0,1,0
0,2,-0.7605067102423282,0,0,-0.4288154815385896,0,-0.5609748304808925,1,-0.21716143616911202,0,2,1,0,0,1,0,0,0,0
1,3,-0.7605067102423282,1,0,-0.5498924021074366,0,0.059159876663617626,0,-0.5369576099100228,1,2,0,0,0,1,0,1,0,0
1,2,-1.9637896295673392,1,1,-0.12293496395240078,1,0.6792945838081278,0,-0.369900187785899,0,0,2,0,0,1,1,0,0,0
1,1,1.1196228512030013,0,0,-0.08244579513222278,1,-0.5609748304808925,1,0.301708551861749,1,2,2,1,0,0,0,0,1,0
1,1,2.172495405612386,0,0,2.7128315501938722,1,-0.5609748304808925,1,4.489100173109663,1,2,3,1,0,0,0,1,0,0
0,3,-0.3092756154954491,0,0,-0.5523441521022427,0,-0.5609748304808925,1,-0.4022103083202193,0,2,0,0,1,0,0,0,0,0
0,3,0.969212486287375,0,1,-0.5369513032864824,0,0.059159876663617626,0,-0.5272645737497267,0,2,1,0,0,1,0,0,0,0
1,3,-0.5724937540977952,0,0,-0.5523441521022427,0,-0.5609748304808925,1,-0.4022103083202193,1,2,0,0,1,0,0,1,0,0
0,2,-0.3844807979532623,0,0,-0.4288154815385896,0,-0.5609748304808925,1,-0.21716143616911202,1,2,1,0,0,1,0,1,0,0
0,3,-0.08366006812200955,0,0,-0.5111679285810251,0,-0.5609748304808925,1,-0.34052735093651687,0,2,1,0,0,1,0,0,0,0
0,3,-0.3092756154954491,8,2,0.9017647699613317,0,5.64037224096421,0,-0.4525179670695247,0,2,3,0,0,1,0,0,0,0
0,3,0.36757102662486957,0,0,-0.581854563268135,0,-0.5609748304808925,1,-0.4464176026920134,0,2,0,0,0,1,0,0,0,0
0,3,1.2324306248897212,0,0,-0.5646970191586081,0,-0.5609748304808925,1,-0.42071519553533004,0,2,0,1,0,0,0,0,0,0
1,3,-0.8357118927001413,0,0,-0.5452853709271769,0,-0.5609748304808925,1,-0.39163608705444175,0,2,1,0,0,1,0,0,0,0
0,3,-2.038994812025152,0,1,-0.48852100564435524,1,0.059159876663617626,0,-0.4909897076974768,1,0,1,0,0,1,0,1,0,0
0,3,0.2171606617092432,1,0,-0.3617570603754636,0,0.059159876663617626,0,-0.39604201258184907,0,2,2,0,0,1,0,0,0,0
1,3,-0.23407043303763592,0,0,-0.29263982803627664,0,-0.5609748304808925,1,-0.013167084250153211,0,2,2,1,0,0,0,0,0,0
1,3,-0.9861222576157678,0,0,-0.5523441521022427,0,-0.5609748304808925,1,-0.4022103083202193,1,1,0,0,1,0,0,1,0,0
1,1,0.8188021213717487,0,0,-0.005288611034635832,1,-0.5609748304808925,1,0.4172918397775416,0,2,2,1,0,0,0,0,0,0
0,3,-0.3844807979532623,0,0,-0.5688146415107299,0,-0.5609748304808925,1,-0.4268834912737003,0,2,0,0,0,1,0,0,0,0
1,2,0.4427762090826827,0,0,-0.2405813168701657,0,-0.5609748304808925,1,0.06481779758495625,1,2,2,0,0,1,0,1,0,0
0,3,-0.5348911628688886,0,0,-0.5641087873940193,0,-0.5609748304808925,1,-0.4198340104298486,0,2,0,0,0,1,0,0,0,0
0,2,0.06675029679361683,0,0,-0.4288154815385896,0,-0.5609748304808925,1,-0.21716143616911202,0,2,1,0,0,1,0,0,0,0
0,3,-0.3092756154954491,1,0,-0.5523441521022427,0,0.059159876663617626,0,-0.5387939996698461,0,2,0,0,1,0,0,0,0,0
1,1,0.14195547925143,1,0,1.9305821262271863,1,0.059159876663617626,0,1.3209471654487823,1,2,3,1,0,0,0,1,0,0
1,3,-0.15886525057982273,0,0,-0.548226529750121,0,-0.5609748304808925,1,-0.39604201258184907,1,2,1,0,0,1,0,1,0,0
0,2,0.969212486287375,1,0,-0.09940569336884779,0,0.059159876663617626,0,-0.19953773405948275,0,2,2,0,0,1,0,0,0,0
1,1,0.2171606617092432,0,0,1.060392053454471,1,-0.5609748304808925,1,2.0137066974549334,1,2,3,1,0,0,0,1,0,0
0,2,0.06675029679361683,0,0,-0.4876386579974721,0,-0.5609748304808925,1,-0.30527994671725833,0,2,1,0,0,1,0,0,0,0
1,3,-0.9861222576157678,0,0,-0.5452853709271769,0,-0.5609748304808925,1,-0.39163608705444175,0,1,1,0,0,1,0,0,0,0
0,2,-0.15886525057982273,0,0,-0.4288154815385896,0,-0.5609748304808925,1,-0.21716143616911202,0,2,1,0,0,1,0,0,0,0
0,3,1.6460591284076938,0,0,-0.5452853709271769,0,-0.5609748304808925,1,-0.39163608705444175,0,2,1,0,0,1,0,0,0,0
0,3,-0.3092756154954491,0,0,-0.5489135844511608,0,-0.5609748304808925,1,-0.3970712367850514,0,2,0,0,0,1,0,0,0,0
1,1,0.6683917564561223,1,0,1.3829383533949904,1,0.059159876663617626,0,0.910755498847161,0,2,3,0,0,1,0,0,0,0
0,3,-0.5348911628688886,0,0,-0.5146973191685581,0,-0.5609748304808925,1,-0.3458144615694057,0,2,1,0,0,1,0,0,0,0
1,2,-0.7605067102423282,0,0,-0.4876386579974721,0,-0.5609748304808925,1,-0.30527994671725833,0,2,1,0,0,1,0,0,0,0
0,3,-0.6476989365556084,0,0,-0.5641087873940193,0,-0.5609748304808925,1,-0.4198340104298486,0,2,0,0,0,1,0,0,0,0
0,2,-0.8357118927001413,0,0,-0.4288154815385896,0,-0.5609748304808925,1,-0.21716143616911202,0,2,1,0,0,1,0,0,0,0
0,3,-0.5724937540977952,3,1,-0.1354831239546096,0,1.9195639980971482,0,-0.49585067721335474,1,2,2,0,0,1,0,1,0,0
1,1,0.4427762090826827,1,0,1.229409862837307,1,0.059159876663617626,0,0.79576084258183,1,2,3,0,0,1,0,0,1,0
0,3,-0.008454885664196365,0,0,-0.551755920337654,0,-0.5609748304808925,1,-0.40132912321473785,0,2,0,0,0,1,0,0,0,0
0,2,2.2477005880701992,0,0,-0.4170508462468131,0,-0.5609748304808925,1,-0.19953773405948275,0,2,1,0,0,1,0,0,0,0
1,3,-1.8133792646517128,4,2,0.003828981316490934,0,3.1598334123861687,0,-0.5173308481720477,1,0,3,0,0,1,0,1,0,0
0,2,-0.3844807979532623,0,0,-0.4876386579974721,0,-0.5609748304808925,1,-0.30527994671725833,0,2,1,0,0,1,0,0,0,0
0,3,-0.5724937540977952,0,0,-0.5570500062189534,0,-0.5609748304808925,1,-0.409259789164071,1,2,0,0,0,1,0,1,0,0
0,2,1.1196228512030013,1,0,-0.12293496395240078,0,0.059159876663617626,0,-0.21716143616911202,0,2,2,0,0,1,0,0,0,0
1,2,-1.5877637172782733,0,2,-0.11705264630651252,0,0.6792945838081278,0,-0.3669629041009608,1,0,2,0,0,1,0,1,0,0
0,2,-0.7605067102423282,0,0,-0.4876386579974721,0,-0.5609748304808925,1,-0.30527994671725833,0,2,1,0,0,1,0,0,0,0
0,2,0.29236584416705635,0,0,-0.4458742027116655,0,-0.5609748304808925,1,-0.24271580422807446,0,2,1,0,0,1,0,0,0,0
0,3,-0.5724937540977952,1,0,-0.3945992162559869,0,0.059159876663617626,0,-0.4206411759864696,1,2,1,1,0,0,0,1,0,0
1,3,-0.5724937540977952,1,0,-0.36999230507970715,0,0.059159876663617626,0,-0.4022103083202193,1,2,2,0,1,0,0,1,0,0
0,2,-0.008454885664196365,0,0,-0.4876386579974721,0,-0.5609748304808925,1,-0.30527994671725833,0,2,1,0,0,1,0,0,0,0
0,3,-0.5348911628688886,0,0,-0.5670499462169634,0,-0.5609748304808925,1,-0.4242399359572559,0,2,0,0,0,1,0,0,0,0
0,3,0.06675029679361683,0,0,-0.5646970191586081,0,-0.5609748304808925,1,-0.42071519553533004,0,2,0,1,0,0,0,0,0,0
0,1,1.1196228512030013,2,0,1.3829383533949904,1,0.6792945838081278,0,0.38204443555828305,0,2,3,0,1,0,0,0,0,1
0,3,-0.3092756154954491,0,0,-0.551755920337654,0,-0.5609748304808925,1,-0.40132912321473785,1,2,0,0,0,1,0,1,0,0
1,2,-0.3844807979532623,0,2,-0.3935215756632601,0,0.6792945838081278,0,-0.5050152372930568,1,2,2,0,0,1,0,0,1,0
1,1,0.5931865739983091,1,1,0.501865992977382,1,0.6792945838081278,0,-0.05791131407955404,0,2,3,0,0,1,0,0,0,0
0,2,1.8716746757811333,1,0,-0.12293496395240078,0,0.059159876663617626,0,-0.21716143616911202,0,2,2,0,0,1,0,0,0,1
0,3,-0.3092756154954491,0,0,-0.5641087873940193,0,-0.5609748304808925,1,-0.4198340104298486,0,2,0,0,0,1,0,0,0,0
0,3,-0.008454885664196365,1,1,-0.48852100564435524,1,0.6792945838081278,0,-0.5524523688048087,1,2,1,0,0,1,0,0,1,0
0,1,2.4733161354436386,0,0,-0.10999386513144661,1,-0.5609748304808925,1,0.26044089100184115,0,3,2,0,0,1,0,0,0,0
0,3,0.06675029679361683,1,0,-0.3558747427295753,0,0.059159876663617626,0,-0.39163608705444175,0,2,2,0,0,1,0,0,0,0
0,3,0.8940073038295618,0,2,-0.2591106174547137,0,0.6792945838081278,0,-0.43789830509221855,1,2,2,0,0,1,0,0,1,0
1,3,-0.008454885664196365,0,2,-0.3759734456620463,0,0.6792945838081278,0,-0.4962527326041491,1,2,2,1,0,0,0,0,1,0
1,1,0.4427762090826827,0,0,1.1288222310926181,0,-0.5609748304808925,1,2.116216723145803,1,2,3,1,0,0,0,0,1,0
1,1,0.06675029679361683,0,0,1.3005859063525549,1,-0.5609748304808925,1,2.37352277394639,1,2,3,0,0,1,0,1,0,0
1,1,0.4427762090826827,0,0,5.124238728242953,0,-0.5609748304808925,1,8.101445198430158,1,2,3,1,0,0,0,1,0,0
1,2,1.5708539459498805,0,1,-0.12293496395240078,0,0.059159876663617626,0,-0.21716143616911202,1,2,2,0,0,1,0,0,1,0
0,3,-0.3092756154954491,0,0,-0.5523441521022427,0,-0.5609748304808925,1,-0.4022103083202193,0,2,0,0,1,0,0,0,0,0
1,3,-1.9637896295673392,4,2,0.003828981316490934,0,3.1598334123861687,0,-0.5173308481720477,0,0,3,0,0,1,1,0,0,0
0,1,1.7212643108655068,1,1,1.139410402855217,1,0.6792945838081278,0,0.26044089100184115,0,2,3,0,0,1,0,0,0,0
0,1,0.8188021213717487,0,0,-0.7346959991247785,1,-0.5609748304808925,1,-0.675377691019473,0,2,0,0,0,1,0,0,0,0
0,3,-0.5724937540977952,0,0,-0.5523441521022427,0,-0.5609748304808925,1,-0.4022103083202193,1,2,0,0,1,0,0,1,0,0
0,2,0.5179813915404959,0,0,-0.4876386579974721,0,-0.5609748304808925,1,-0.30527994671725833,0,2,1,0,0,1,0,0,0,0
0,3,-0.9861222576157678,4,1,0.19912192715998075,0,2.5396987052416584,0,-0.4422307985275025,0,1,3,0,0,1,0,0,0,0
1,3,-0.3092756154954491,1,0,-0.551755920337654,0,0.059159876663617626,0,-0.5383534071171054,0,2,0,0,0,1,0,0,0,0
1,1,2.172495405612386,0,1,2.876164687803722,1,0.059159876663617626,0,2.0291996939795083,1,2,3,0,0,1,0,0,1,0
1,1,0.4427762090826827,0,0,2.456656616715439,1,-0.5609748304808925,1,4.105344059672485,1,2,3,0,0,1,0,1,0,0
0,1,0.8188021213717487,0,0,-0.005288611034635832,0,-0.5609748304808925,1,0.4172918397775416,0,2,2,0,0,1,0,0,0,0
1,3,-0.3092756154954491,0,0,-0.7346959991247785,0,-0.5609748304808925,1,-0.675377691019473,0,2,0,0,0,1,0,0,0,0
1,2,0.8940073038295618,0,1,-0.2758752227454952,0,0.059159876663617626,0,-0.33171549988170224,1,2,2,0,0,1,0,0,1,0
0,1,0.5931865739983091,0,1,-0.03587666279325473,1,0.059159876663617626,0,-0.15195373836348375,0,2,2,1,0,0,0,0,0,0
1,3,-0.5724937540977952,0,0,-0.5523441521022427,0,-0.5609748304808925,1,-0.4022103083202193,1,2,0,0,1,0,0,1,0,0
1,1,2.548521317901452,1,0,1.0996059358090202,1,0.059159876663617626,0,0.6985361651536383,1,3,3,0,0,1,0,1,0,0
0,3,1.1948280336608146,0,0,-0.5523441521022427,0,-0.5609748304808925,1,-0.4022103083202193,1,2,0,0,0,1,0,1,0,0
0,2,0.06675029679361683,0,0,-0.7346959991247785,0,-0.5609748304808925,1,-0.675377691019473,0,2,0,0,0,1,0,0,0,0
0,3,-1.6629688997360863,4,1,-0.04940599337879768,0,2.5396987052416584,0,-0.5042809163718222,0,0,2,0,1,0,1,0,0,0
1,3,0.4427762090826827,1,1,-0.2582282698078304,0,0.6792945838081278,0,-0.43745771253947785,1,2,2,0,0,1,0,0,1,0
0,3,2.6989316828170784,0,0,-0.5523441521022427,0,-0.5609748304808925,1,-0.4022103083202193,0,3,0,0,1,0,0,0,0,0
0,3,-0.08366006812200955,0,0,-0.5498924021074366,0,-0.5609748304808925,1,-0.39853752880057264,0,2,0,0,0,1,0,0,0,0
0,3,-0.9861222576157678,0,0,-0.5111679285810251,0,-0.5609748304808925,1,-0.34052735093651687,0,1,1,0,0,1,0,0,0,0
1,3,-0.7605067102423282,0,0,-0.5452853709271769,0,-0.5609748304808925,1,-0.39163608705444175,0,2,1,0,0,1,0,0,0,0
0,1,0.8188021213717487,0,0,-0.12293496395240078,1,-0.5609748304808925,1,0.24105481868124892,0,2,2,0,0,1,0,0,0,0
0,3,0.29236584416705635,0,0,-0.5308736926947507,0,-0.5609748304808925,1,-0.3700470519701459,0,2,1,1,0,0,0,0,0,0
1,3,0.06675029679361683,0,0,-0.5111679285810251,0,-0.5609748304808925,1,-0.34052735093651687,0,2,1,0,0,1,0,0,0,0
0,3,-0.5348911628688886,0,0,-0.5489135844511608,0,-0.5609748304808925,1,-0.3970712367850514,0,2,0,0,0,1,0,0,0,0
1,2,0.969212486287375,0,0,-0.4288154815385896,0,-0.5609748304808925,1,-0.21716143616911202,0,2,1,0,0,1,0,0,0,0
1,3,-0.5348911628688886,0,0,-0.5523441521022427,0,-0.5609748304808925,1,-0.4022103083202193,1,2,0,0,1,0,0,1,0,0
1,1,-0.23407043303763592,0,0,1.1205869863883744,0,-0.5609748304808925,1,2.103880131669062,1,2,3,0,0,1,0,1,0,0
1,1,-0.7605067102423282,1,0,1.4083311422087608,1,0.059159876663617626,0,0.929774998163873,1,2,3,1,0,0,0,0,1,0
0,2,0.5179813915404959,0,0,-0.4317566403615337,1,-0.5609748304808925,1,-0.22156736169651933,0,2,1,1,0,0,0,0,0,0
0,3,-0.3844807979532623,0,0,-0.5264619544603346,0,-0.5609748304808925,1,-0.363438163679035,1,2,1,0,0,1,0,1,0,0
0,3,-0.3844807979532623,0,0,-0.5489135844511608,0,-0.5609748304808925,1,-0.3970712367850514,0,2,0,0,0,1,0,0,0,0
0,1,0.8188021213717487,0,0,-0.08244579513222278,0,-0.5609748304808925,1,0.301708551861749,0,2,2,1,0,0,0,0,0,0
0,3,-0.42208338918216887,0,0,-0.5645981962221572,0,-0.5609748304808925,1,-0.4205671564376092,0,2,0,1,0,0,0,0,0,0
0,1,-2.038994812025152,1,2,2.831164957812677,1,1.299429290952638,0,0.6600583363376848,1,0,3,0,0,1,0,1,0,0
1,1,0.8188021213717487,0,0,-0.017053246326412325,1,-0.5609748304808925,1,0.3996681376679123,0,2,2,0,0,1,0,0,0,0
1,1,1.5708539459498805,0,1,5.089287879132724,1,0.059159876663617626,0,3.6868551541176506,1,2,3,1,0,0,0,0,1,0
1,3,-0.5724937540977952,0,0,-0.5523441521022427,0,-0.5609748304808925,1,-0.4022103083202193,1,2,0,0,1,0,0,1,0,0
1,3,-0.3092756154954491,2,0,-0.1876404580571715,0,0.6792945838081278,0,-0.4022103083202193,0,2,2,0,1,0,0,0,0,0
0,3,-0.7605067102423282,0,0,-0.7346959991247785,0,-0.5609748304808925,1,-0.675377691019473,0,2,0,0,0,1,0,0,0,0
1,2,-0.08366006812200955,0,0,-0.4441095074178991,1,-0.5609748304808925,1,-0.2400722489116301,1,2,1,0,1,0,0,1,0,0
0,3,-0.3092756154954491,0,0,-0.5452853709271769,0,-0.5609748304808925,1,-0.39163608705444175,0,2,1,0,0,1,0,0,0,0
1,1,-2.1202164090795903,1,2,2.831164957812677,1,1.299429290952638,0,0.6600583363376848,0,0,3,0,0,1,1,0,0,0
1,1,0.4427762090826827,0,0,1.8743071697725027,0,-0.5609748304808925,1,3.232970805245837,1,2,3,1,0,0,0,1,0,0
1,1,-0.9109170751579546,1,0,1.827641567424142,1,0.059159876663617626,0,1.2438434687191542,1,1,3,1,0,0,0,0,1,0
0,2,0.06675029679361683,1,0,-0.16999350511950675,0,0.059159876663617626,0,-0.2524088403883706,0,2,2,1,0,0,0,0,0,0
1,1,0.06675029679361683,0,0,0.6048065517804263,1,-0.5609748304808925,1,1.3312288332595401,1,2,3,1,0,0,0,1,0,0
1,1,-0.3844807979532623,0,0,1.2219581428434958,1,-0.5609748304808925,1,2.255736523266894,1,2,3,1,0,0,0,1,0,0
1,1,-0.8357118927001413,2,2,5.124238728242953,1,1.9195639980971482,0,1.0799868868704532,1,2,3,1,0,0,0,1,0,0
0,2,-0.23407043303763592,1,1,-0.12293496395240078,0,0.6792945838081278,0,-0.369900187785899,1,2,2,0,0,1,0,0,1,0
0,3,-0.08366006812200955,0,0,-0.5489135844511608,0,-0.5609748304808925,1,-0.3970712367850514,0,2,0,0,0,1,0,0,0,0
0,2,1.0444176687451883,1,1,-0.11705264630651252,0,0.6792945838081278,0,-0.3669629041009608,0,2,2,0,0,1,0,0,0,0
1,3,-0.23407043303763592,0,0,-0.5498924021074366,0,-0.5609748304808925,1,-0.39853752880057264,1,2,0,0,0,1,0,1,0,0
1,2,-0.3844807979532623,1,0,-0.12293496395240078,0,0.059159876663617626,0,-0.21716143616911202,1,2,2,0,0,1,0,0,1,0
0,2,1.8716746757811333,0,0,-0.40528621095503664,0,-0.5609748304808925,1,-0.1819140319498535,0,2,1,0,0,1,0,0,0,1
1,1,0.14195547925143,0,2,3.144497195392677,1,0.6792945838081278,0,1.2616633813789375,1,2,3,0,0,1,0,1,0,0
1,1,0.8188021213717487,1,1,2.4299908943630983,1,0.6792945838081278,0,0.9048809314772847,1,2,3,1,0,0,0,0,1,0
0,3,-0.5348911628688886,0,0,-0.5641087873940193,0,-0.5609748304808925,1,-0.4198340104298486,0,2,0,0,0,1,0,0,0,0
0,3,-0.15886525057982273,0,0,-0.5489135844511608,0,-0.5609748304808925,1,-0.3970712367850514,0,2,0,0,0,1,0,0,0,0
1,2,0.06675029679361683,0,0,-0.4441095074178991,0,-0.5609748304808925,1,-0.2400722489116301,1,2,1,0,1,0,0,1,0,0
1,2,-0.5348911628688886,1,1,-0.052347152201741805,0,0.6792945838081278,0,-0.33465278356664047,1,2,2,0,0,1,0,0,1,0
0,3,-0.3092756154954491,8,2,0.9017647699613317,0,5.64037224096421,0,-0.4525179670695247,0,2,3,0,0,1,0,0,0,0
1,1,0.5179813915404959,0,0,2.456656616715439,1,-0.5609748304808925,1,4.105344059672485,1,2,3,1,0,0,0,1,0,0
0,3,2.3981109529858253,0,0,-0.5879321738598666,0,-0.5609748304808925,1,-0.4555220072018478,0,3,0,0,0,1,0,0,0,0
1,2,0.5179813915404959,0,0,-0.4288154815385896,1,-0.5609748304808925,1,-0.21716143616911202,1,2,1,0,0,1,0,0,1,0
1,3,0.14195547925143,1,1,-0.2517577203973534,0,0.6792945838081278,0,-0.4342267004860459,1,2,2,0,0,1,0,0,1,0
1,1,-0.9861222576157678,0,1,0.6295122858931569,1,0.059159876663617626,0,0.3464304583351442,1,1,3,1,0,0,0,1,0,0
1,3,-0.5724937540977952,2,0,-0.1876404580571715,0,0.6792945838081278,0,-0.4022103083202193,1,2,2,0,1,0,0,1,0,0
0,1,1.2324306248897212,0,0,-0.0641117874935183,1,-0.5609748304808925,1,0.32917332922939524,0,2,2,0,0,1,0,0,0,0
0,1,0.6683917564561223,0,1,2.876164687803722,1,0.059159876663617626,0,2.0291996939795083,0,2,3,0,0,1,0,0,0,0
0,3,-0.9861222576157678,2,0,-0.3111691286208247,0,0.6792945838081278,0,-0.46389326570392175,0,1,2,0,0,1,0,0,0,0
1,1,0.4427762090826827,1,0,2.4099910143670784,0,0.059159876663617626,0,1.6800300959324785,1,2,3,0,0,1,0,0,1,0
0,3,-0.3092756154954491,0,0,-0.5489135844511608,0,-0.5609748304808925,1,-0.3970712367850514,0,2,0,0,0,1,0,0,0,0
0,1,-0.008454885664196365,1,0,0.8323534217398503,1,0.059159876663617626,0,0.4983608694818361,0,2,3,0,0,1,0,0,0,0
1,1,0.8940073038295618,0,0,2.4299908943630983,1,-0.5609748304808925,1,4.0653981764708,1,2,3,1,0,0,0,1,0,0
1,3,1.1948280336608146,0,0,-0.5452853709271769,0,-0.5609748304808925,1,-0.39163608705444175,0,2,1,0,0,1,0,0,0,0
0,1,1.1948280336608146,0,0,0.10059310659135261,1,-0.5609748304808925,1,0.575905158764205,0,2,3,0,0,1,0,0,0,0
1,2,-2.038994812025152,1,1,-0.12293496395240078,1,0.6792945838081278,0,-0.369900187785899,0,0,2,0,0,1,1,0,0,0
1,1,-0.3844807979532623,3,2,5.124238728242953,1,2.5396987052416584,0,0.787426123888799,1,2,3,0,0,1,0,1,0,0
0,2,-0.08366006812200955,0,0,-0.4288154815385896,0,-0.5609748304808925,1,-0.21716143616911202,0,2,1,0,0,1,0,0,0,0
0,2,-0.3092756154954491,0,0,-0.4288154815385896,0,-0.5609748304808925,1,-0.21716143616911202,0,2,1,0,0,1,0,0,0,0
0,2,0.5179813915404959,0,0,-0.4288154815385896,0,-0.5609748304808925,1,-0.21716143616911202,0,2,1,0,0,1,0,0,0,0
1,2,-0.3844807979532623,0,0,-0.4288154815385896,1,-0.5609748304808925,1,-0.21716143616911202,1,2,1,0,0,1,0,1,0,0
1,2,0.8188021213717487,0,0,-0.4288154815385896,0,-0.5609748304808925,1,-0.21716143616911202,1,2,1,0,0,1,0,1,0,0
1,3,-0.5724937540977952,1,0,-0.3558747427295753,0,0.059159876663617626,0,-0.39163608705444175,1,2,2,0,0,1,0,0,1,0
1,3,-1.9637896295673392,1,1,-0.36058059684628596,0,0.6792945838081278,0,-0.48856644865740273,0,0,2,0,0,1,1,0,0,0
0,3,0.969212486287375,0,0,-0.5308736926947507,0,-0.5609748304808925,1,-0.3700470519701459,0,2,1,0,0,1,0,0,0,0
0,3,-0.45968598041107545,0,0,-0.5176384779915022,0,-0.5609748304808925,1,-0.350220387096813,0,2,1,0,0,1,0,0,0,0
0,1,0.8188021213717487,0,0,0.08882847129957612,1,-0.5609748304808925,1,0.5582814566545757,0,2,3,0,0,1,0,0,0,0
0,3,-1.061327440073581,1,1,-0.5645981962221572,0,0.6792945838081278,0,-0.5904408461588517,0,1,0,1,0,0,0,0,0,0
0,3,-0.3092756154954491,1,0,-0.3158749827375353,0,0.059159876663617626,0,-0.361675793468072,0,2,2,0,0,1,0,0,0,0
0,3,-0.3092756154954491,0,0,-0.5646970191586081,0,-0.5609748304808925,1,-0.42071519553533004,0,2,0,1,0,0,0,0,0,0
0,3,-0.08366006812200955,0,0,-0.5111679285810251,0,-0.5609748304808925,1,-0.34052735093651687,0,2,1,0,0,1,0,0,0,0
1,1,-0.5348911628688886,0,1,0.5594138829706359,1,0.059159876663617626,0,0.2939259250101367,1,2,3,0,0,1,0,1,0,0
0,2,0.6683917564561223,0,0,-0.4288154815385896,0,-0.5609748304808925,1,-0.21716143616911202,1,2,1,0,0,1,0,1,0,0
1,3,-0.5724937540977952,0,0,-0.5493041703428477,0,-0.5609748304808925,1,-0.3976563436950911,1,2,0,0,1,0,0,1,0,0
1,3,-0.5724937540977952,0,0,-0.5493041703428477,0,-0.5609748304808925,1,-0.3976563436950911,1,2,0,0,1,0,0,1,0,0
0,3,0.8188021213717487,1,4,-0.07822934984365013,0,2.5396987052416584,0,-0.5114772613999208,0,2,2,0,0,1,0,0,0,0
0,2,-0.008454885664196365,1,0,-0.08244579513222278,0,0.059159876663617626,0,-0.18683456957886196,0,2,2,1,0,0,0,0,0,0
0,3,1.1948280336608146,0,1,-0.3945992162559869,0,0.059159876663617626,0,-0.4206411759864696,1,2,1,1,0,0,0,0,1,0
0,3,0.4427762090826827,0,0,-0.5688146415107299,0,-0.5609748304808925,1,-0.4268834912737003,0,2,0,0,0,1,0,0,0,0
0,3,-0.3092756154954491,1,0,-0.36999230507970715,0,0.059159876663617626,0,-0.4022103083202193,0,2,2,0,1,0,0,0,0,0
0,3,0.06675029679361683,0,0,-0.5641087873940193,0,-0.5609748304808925,1,-0.4198340104298486,0,2,0,0,0,1,0,0,0,0
1,1,2.3229057705280125,1,0,1.0358816122875838,1,0.059159876663617626,0,0.6508058927301293,1,2,3,1,0,0,0,0,1,0
1,3,-0.5724937540977952,0,0,-0.5645981962221572,0,-0.5609748304808925,1,-0.4205671564376092,1,2,0,1,0,0,0,0,1,0
1,3,-0.5724937540977952,0,0,-0.5523441521022427,0,-0.5609748304808925,1,-0.4022103083202193,1,2,0,0,1,0,0,1,0,0
1,1,-0.3844807979532623,0,0,0.8958824523154435,1,-0.5609748304808925,1,1.7672674213751434,1,2,3,1,0,0,0,0,1,0
1,1,-0.3092756154954491,1,0,0.5698067617873912,1,0.059159876663617626,0,0.30171031423195993,0,2,3,1,0,0,0,0,0,0
0,3,-0.8357118927001413,1,0,-0.581854563268135,0,0.059159876663617626,0,-0.5608976468557432,0,2,0,0,0,1,0,0,0,0
0,3,-0.7605067102423282,0,0,-0.5452853709271769,0,-0.5609748304808925,1,-0.39163608705444175,0,2,1,0,0,1,0,0,0,0
0,1,-0.5348911628688886,0,0,2.456656616715439,0,-0.5609748304808925,1,4.105344059672485,0,2,3,1,0,0,0,0,0,0
0,3,-1.9637896295673392,3,1,-0.23881662157639924,0,1.9195639980971482,0,-0.5268098822352982,1,0,2,0,0,1,0,1,0,0
1,1,0.4427762090826827,1,0,1.1987229881422372,0,0.059159876663617626,0,0.7727760102904516,1,2,3,1,0,0,0,0,1,0
1,3,-0.5348911628688886,0,0,-0.5641087873940193,0,-0.5609748304808925,1,-0.4198340104298486,1,2,0,0,0,1,0,1,0,0
0,1,-0.15886525057982273,0,2,4.241744729296679,1,0.6792945838081278,0,1.8095643064382536,0,2,3,1,0,0,0,0,0,0
0,3,-0.685301527784515,0,0,-0.6402848009082721,0,-0.5609748304808925,1,-0.5339474815896981,0,2,0,1,0,0,0,0,0,0
0,3,-0.7605067102423282,0,0,-0.551755920337654,0,-0.5609748304808925,1,-0.40132912321473785,0,2,0,0,0,1,0,0,0,0
1,1,0.969212486287375,0,0,4.618801290398115,0,-0.5609748304808925,1,7.344287953967325,1,2,3,1,0,0,0,1,0,0
1,3,-2.1141999944829655,0,2,-0.36430528037966237,0,0.6792945838081278,0,-0.4904263366867056,1,0,2,1,0,0,0,1,0,0
0,3,0.2171606617092432,0,0,-0.548226529750121,0,-0.5609748304808925,1,-0.39604201258184907,0,2,1,0,0,1,0,0,0,0
1,1,0.4427762090826827,1,0,0.4888260712199769,0,0.059159876663617626,0,0.24105481868124892,1,2,3,0,0,1,0,0,1,0
0,3,-0.3092756154954491,0,0,-0.5489135844511608,0,-0.5609748304808925,1,-0.3970712367850514,0,2,0,0,0,1,0,0,0,0
0,2,-0.8357118927001413,0,0,0.994705388766366,0,-0.5609748304808925,1,1.9153065190960292,0,2,3,0,0,1,0,0,0,0
0,3,-2.1141999944829655,5,2,0.36882679124385664,0,3.779968119530679,0,-0.4687397837840698,0,0,3,0,0,1,1,0,0,0
1,2,0.5179813915404959,0,0,-0.4288154815385896,0,-0.5609748304808925,1,-0.21716143616911202,1,2,1,0,0,1,0,1,0,0
0,3,-0.3092756154954491,0,0,-0.5528335609303807,0,-0.5609748304808925,1,-0.40294345432797996,0,2,0,0,1,0,0,0,0,0
1,2,-0.9109170751579546,0,0,-0.4523447521221426,0,-0.5609748304808925,1,-0.2524088403883706,1,1,1,1,0,0,0,1,0,0
1,1,0.5179813915404959,1,2,2.08881647090158,1,1.299429290952638,0,0.38204443555828305,0,2,3,0,0,1,0,0,0,0
1,3,-0.6100963453267019,0,0,-0.5512665115095161,0,-0.5609748304808925,1,-0.4005959772069773,0,2,0,0,0,1,0,0,0,0
0,3,-0.08366006812200955,2,0,-0.548226529750121,0,0.6792945838081278,0,-0.5822657982069317,0,2,1,0,0,1,0,0,0,0
1,1,-0.45968598041107545,1,0,1.9305821262271863,1,0.059159876663617626,0,1.3209471654487823,1,2,3,1,0,0,0,1,0,0
1,3,-0.3844807979532623,0,2,-0.3417571803794436,1,0.6792945838081278,0,-0.47916714086560047,1,2,2,0,0,1,0,0,1,0
0,3,-0.5348911628688886,0,0,-0.5512665115095161,0,-0.5609748304808925,1,-0.4005959772069773,0,2,0,0,0,1,0,0,0,0
0,3,0.14195547925143,0,0,-0.5498924021074366,0,-0.5609748304808925,1,-0.39853752880057264,1,2,0,0,0,1,0,1,0,0
0,2,1.2700332161186279,0,0,-0.12293496395240078,0,-0.5609748304808925,1,0.24105481868124892,0,2,2,0,0,1,0,0,0,0
0,2,-0.45968598041107545,0,0,-0.4876386579974721,0,-0.5609748304808925,1,-0.30527994671725833,0,2,1,0,0,1,0,0,0,1
1,2,-0.08366006812200955,0,0,-0.4370507262428331,0,-0.5609748304808925,1,-0.2294980276458525,1,2,1,0,0,1,0,0,1,0
1,3,0.7435969389139355,0,0,-0.548226529750121,0,-0.5609748304808925,1,-0.39604201258184907,0,2,1,0,0,1,0,0,0,0
0,3,-0.23407043303763592,0,0,-0.5452853709271769,0,-0.5609748304808925,1,-0.39163608705444175,0,2,1,0,0,1,0,0,0,0
0,3,-0.6100963453267019,1,0,-0.5035209156413704,0,0.059159876663617626,0,-0.5022248177923654,1,2,1,0,0,1,0,1,0,0
0,3,-0.08366006812200955,1,0,-0.3617570603754636,0,0.059159876663617626,0,-0.39604201258184907,0,2,2,0,0,1,0,0,0,0
0,3,-0.685301527784515,0,0,-0.5308736926947507,0,-0.5609748304808925,1,-0.3700470519701459,1,2,1,0,0,1,0,1,0,0
0,2,0.36757102662486957,1,0,-0.2405813168701657,0,0.059159876663617626,0,-0.30527994671725833,0,2,2,0,0,1,0,0,0,0
0,3,1.6460591284076938,0,0,-0.5523441521022427,0,-0.5609748304808925,1,-0.4022103083202193,0,2,0,0,0,1,0,0,0,0
1,2,-1.9637896295673392,1,1,-0.2935221756831599,0,0.6792945838081278,0,-0.4550814146491071,0,0,2,0,0,1,1,0,0,0
0,3,-0.6100963453267019,0,0,-0.551755920337654,0,-0.5609748304808925,1,-0.40132912321473785,0,2,0,0,0,1,0,0,0,0
0,3,-0.5724937540977952,3,1,-0.1354831239546096,0,1.9195639980971482,0,-0.49585067721335474,1,2,2,0,0,1,0,1,0,0
0,3,-0.3092756154954491,0,0,-0.5489135844511608,0,-0.5609748304808925,1,-0.3970712367850514,0,2,0,0,0,1,0,0,0,0
0,3,-0.3092756154954491,0,0,-0.573325202681597,0,-0.5609748304808925,1,-0.43364041866253217,0,2,0,0,1,0,0,0,0,0
1,1,0.29236584416705635,1,0,1.3829383533949904,1,0.059159876663617626,0,0.910755498847161,1,2,3,0,1,0,0,1,0,0
0,2,0.06675029679361683,0,0,-0.7346959991247785,0,-0.5609748304808925,1,-0.675377691019473,0,2,0,0,0,1,0,0,0,0
1,3,1.1196228512030013,0,0,-0.548226529750121,0,-0.5609748304808925,1,-0.39604201258184907,0,2,1,0,0,1,0,0,0,0
0,3,-0.5724937540977952,0,0,-0.5452853709271769,0,-0.5609748304808925,1,-0.39163608705444175,1,2,1,0,0,1,0,0,1,0
1,2,0.36757102662486957,1,1,0.03000529484069365,0,0.6792945838081278,0,-0.29353081197750547,1,2,3,0,0,1,0,0,1,0
1,2,-0.8357118927001413,0,2,-0.4288154815385896,0,0.6792945838081278,0,-0.522638939402686,1,2,1,0,0,1,0,1,0,0
0,2,0.06675029679361683,0,0,-0.4288154815385896,0,-0.5609748304808925,1,-0.21716143616911202,0,2,1,0,0,1,0,0,0,0
0,3,-1.437353352362647,0,2,-0.16646411453197382,0,0.6792945838081278,0,-0.3916360870544418,1,0,2,0,0,1,0,1,0,0
0,3,-0.3092756154954491,0,0,-0.5489135844511608,0,-0.5609748304808925,1,-0.3970712367850514,0,2,0,1,0,0,0,0,0,0
0,3,-0.6100963453267019,0,0,-0.5527370909209881,0,-0.5609748304808925,1,-0.40279893997068095,0,2,0,0,1,0,0,0,0,0
0,3,-0.008454885664196365,0,0,-0.5494029932792986,0,-0.5609748304808925,1,-0.397804382792812,0,2,0,0,0,1,0,0,0,0
0,3,-0.08366006812200955,1,1,-0.3958745027216154,0,0.6792945838081278,0,-0.506190150767032,1,2,1,0,0,1,0,0,1,0
0,3,-0.8357118927001413,1,1,-0.2591106174547137,0,0.6792945838081278,0,-0.43789830509221855,0,2,2,0,0,1,0,0,0,0
0,3,-0.3092756154954491,0,0,-0.5641087873940193,0,-0.5609748304808925,1,-0.4198340104298486,0,2,0,0,0,1,0,0,0,0
1,2,-0.08366006812200955,1,0,-0.12293496395240078,0,0.059159876663617626,0,-0.21716143616911202,1,2,2,0,0,1,0,0,1,0
1,2,-0.7605067102423282,0,0,-0.12293496395240078,0,-0.5609748304808925,1,0.24105481868124892,1,2,2,0,0,1,0,1,0,0
0,3,-0.3092756154954491,0,0,-0.5523441521022427,0,-0.5609748304808925,1,-0.4022103083202193,0,2,0,0,1,0,0,0,0,0
1,3,0.2171606617092432,0,0,-0.5452853709271769,1,-0.5609748304808925,1,-0.39163608705444175,0,2,1,0,0,1,0,0,0,0
1,1,-0.08366006812200955,0,0,-0.10999386513144661,1,-0.5609748304808925,1,0.26044089100184115,0,2,2,0,0,1,0,0,0,0
1,3,-0.5724937540977952,1,0,-0.3558747427295753,0,0.059159876663617626,0,-0.39163608705444175,1,2,2,0,0,1,0,0,1,0
1,2,0.969212486287375,1,0,-0.12293496395240078,0,0.059159876663617626,0,-0.21716143616911202,1,2,2,0,0,1,0,0,1,0
0,3,-0.9109170751579546,0,0,-0.5670499462169634,0,-0.5609748304808925,1,-0.4242399359572559,0,1,0,0,0,1,0,0,0,0
0,1,1.5708539459498805,1,0,0.5805902264958336,1,0.059159876663617626,0,0.30978725690880304,0,2,3,0,0,1,0,0,0,0
1,1,-1.136532622531394,1,2,2.08881647090158,1,1.299429290952638,0,0.38204443555828305,1,1,3,0,0,1,0,1,0,0
0,3,-0.6100963453267019,2,2,0.0741226771848555,0,1.9195639980971482,0,-0.43305178701207053,1,2,3,0,0,1,0,1,0,0
1,2,-0.3844807979532623,2,3,-0.2935221756831599,0,2.5396987052416584,0,-0.56522955283429,1,2,2,0,0,1,0,0,1,0
0,1,2.623726500359265,1,4,5.124238728242953,1,2.5396987052416584,0,0.787426123888799,0,3,3,0,0,1,0,0,0,0
0,2,0.14195547925143,0,0,-0.4876386579974721,0,-0.5609748304808925,1,-0.30527994671725833,0,2,1,0,0,1,0,0,0,0
1,2,1.1948280336608146,1,1,-0.11705264630651252,0,0.6792945838081278,0,-0.3669629041009608,1,2,2,0,0,1,0,0,1,0
0,3,-0.685301527784515,0,0,-0.5111679285810251,0,-0.5609748304808925,1,-0.34052735093651687,0,2,1,0,0,1,0,0,0,0
0,3,-0.3092756154954491,1,0,-0.551755920337654,0,0.059159876663617626,0,-0.5383534071171054,0,2,0,0,0,1,0,0,0,0
1,2,-0.08366006812200955,0,0,-0.4288154815385896,0,-0.5609748304808925,1,-0.21716143616911202,1,2,1,0,0,1,0,0,0,1
1,3,-0.3092756154954491,0,0,-0.5438147915157048,0,-0.5609748304808925,1,-0.38943312429073806,0,2,1,0,0,1,0,0,0,0
1,1,-1.8885844471095259,0,2,1.191370091084877,1,0.6792945838081278,0,0.28638650524763737,0,0,3,0,0,1,1,0,0,0
1,2,-1.2117378049892074,0,1,-0.2758752227454952,0,0.059159876663617626,0,-0.33171549988170224,1,1,2,0,0,1,0,1,0,0
1,1,0.36757102662486957,0,0,-0.10999386513144661,0,-0.5609748304808925,1,0.26044089100184115,0,2,2,0,0,1,0,0,0,0
1,3,-1.8133792646517128,2,1,-0.28156224744554,0,1.299429290952638,0,-0.5056764198505364,1,0,2,1,0,0,0,1,0,0
1,1,1.7212643108655068,0,0,-0.017053246326412325,1,-0.5609748304808925,1,0.3996681376679123,0,2,2,0,0,1,0,0,0,1
0,2,0.5179813915404959,1,2,-0.08175874043118304,0,1.299429290952638,0,-0.4308488242483669,0,2,2,0,0,1,0,0,0,0
0,3,-0.3092756154954491,1,0,-0.26489411216415104,0,0.059159876663617626,0,-0.3234905181071383,0,2,2,0,0,1,0,0,0,0
0,1,0.06675029679361683,0,0,-0.08175874043118304,1,-0.5609748304808925,1,0.30273777606495134,0,2,2,1,0,0,0,0,0,0
1,1,1.4956487634920672,1,0,1.3618608328062438,1,0.059159876663617626,0,0.8949681864973552,0,2,3,1,0,0,0,0,0,0
0,3,-0.3092756154954491,0,0,-0.5452853709271769,0,-0.5609748304808925,1,-0.39163608705444175,0,2,1,0,0,1,0,0,0,0
1,3,-0.008454885664196365,0,0,-0.5489135844511608,0,-0.5609748304808925,1,-0.3970712367850514,0,2,0,1,0,0,0,0,0,0
0,1,2.6989316828170784,0,0,-0.10999386513144661,1,-0.5609748304808925,1,0.26044089100184115,0,3,2,0,0,1,0,0,0,0
1,1,0.4427762090826827,1,0,0.4855907965147383,1,0.059159876663617626,0,0.23863155964117483,1,2,3,0,0,1,0,0,1,0
1,2,1.5708539459498805,0,0,-0.4876386579974721,0,-0.5609748304808925,1,-0.30527994671725833,1,2,1,0,0,1,0,1,0,0
0,3,-0.3092756154954491,0,0,-0.5523441521022427,0,-0.5609748304808925,1,-0.4022103083202193,0,2,0,0,1,0,0,0,0,0
1,1,1.4204435810342542,0,0,-0.10999386513144661,1,-0.5609748304808925,1,0.26044089100184115,0,2,2,0,0,1,0,0,0,0
0,3,0.36757102662486957,0,0,-0.5452853709271769,0,-0.5609748304808925,1,-0.39163608705444175,0,2,1,0,0,1,0,0,0,0
0,1,1.345238398576441,0,0,0.17118091834201157,1,-0.5609748304808925,1,0.6816473714219806,0,2,3,0,0,1,0,0,0,0
0,2,1.4204435810342542,0,0,-0.4288154815385896,0,-0.5609748304808925,1,-0.21716143616911202,0,2,1,0,0,1,0,0,0,0
0,3,-0.3092756154954491,0,0,-0.5452853709271769,0,-0.5609748304808925,1,-0.39163608705444175,0,2,1,0,0,1,0,0,0,0
0,3,0.6683917564561223,0,0,-0.5688146415107299,0,-0.5609748304808925,1,-0.4268834912737003,0,2,0,0,0,1,0,0,0,0
0,2,0.06675029679361683,0,0,-0.7346959991247785,0,-0.5609748304808925,1,-0.675377691019473,0,2,0,0,0,1,0,0,0,0
0,1,2.0220850406967594,0,0,-0.10999386513144661,0,-0.5609748304808925,1,0.26044089100184115,0,2,2,0,0,1,0,0,0,0
0,3,-0.3092756154954491,0,0,-0.5529323838668316,0,-0.5609748304808925,1,-0.4030914934257008,0,2,0,0,1,0,0,0,0,0
1,3,-2.1330012900974187,2,1,-0.28156224744554,0,1.299429290952638,0,-0.5056764198505364,1,0,2,1,0,0,0,1,0,0
0,3,-0.3092756154954491,0,0,-0.5641087873940193,0,-0.5609748304808925,1,-0.4198340104298486,0,2,0,0,0,1,0,0,0,0
0,3,0.6683917564561223,0,0,-0.5308736926947507,0,-0.5609748304808925,1,-0.3700470519701459,0,2,1,0,0,1,0,0,0,0
1,2,0.29236584416705635,1,2,-0.08175874043118304,0,1.299429290952638,0,-0.4308488242483669,1,2,2,0,0,1,0,0,1,0
1,2,-0.45968598041107545,0,0,-0.41018735801759065,1,-0.5609748304808925,1,-0.189256066248725,1,2,1,1,0,0,0,0,1,0
0,3,-0.5348911628688886,0,0,-0.5032267997590759,0,-0.5609748304808925,1,-0.32863135201251714,1,2,1,0,0,1,0,1,0,0
0,1,0.8188021213717487,0,0,0.4888260712199769,1,-0.5609748304808925,1,1.1574873283819709,0,2,3,0,0,1,0,0,0,0
0,2,0.36757102662486957,1,0,-0.2405813168701657,0,0.059159876663617626,0,-0.30527994671725833,0,2,2,0,0,1,0,0,0,0
0,3,-0.008454885664196365,1,0,-0.5689134644471808,0,0.059159876663617626,0,-0.5512046106954471,0,2,0,0,0,1,0,0,0,0
0,3,-0.5348911628688886,0,0,-0.5577370609199931,0,-0.5609748304808925,1,-0.41028901336727336,0,2,0,0,0,1,0,0,0,0
1,3,-2.038994812025152,0,1,-0.44558008682937117,0,0.059159876663617626,0,-0.4588264513474033,1,0,1,0,0,1,0,1,0,0
0,3,-1.51255853482046,5,2,0.36882679124385664,0,3.779968119530679,0,-0.4687397837840698,0,0,3,0,0,1,1,0,0,0
0,2,0.06675029679361683,0,0,-0.7346959991247785,0,-0.5609748304808925,1,-0.675377691019473,0,2,0,0,0,1,0,0,0,0
0,3,1.5708539459498805,0,0,-0.5452853709271769,0,-0.5609748304808925,1,-0.39163608705444175,0,2,1,0,0,1,0,0,0,0
1,3,2.548521317901452,0,0,-0.5091091174049641,0,-0.5609748304808925,1,-0.3374432030673318,1,3,1,0,0,1,0,0,1,0
1,1,-0.3092756154954491,1,0,1.4083311422087608,1,0.059159876663617626,0,0.929774998163873,0,2,3,1,0,0,0,0,0,0
0,3,-0.5724937540977952,3,1,-0.1354831239546096,0,1.9195639980971482,0,-0.49585067721335474,1,2,2,0,0,1,0,1,0,0
1,1,0.4427762090826827,1,0,1.3829383533949904,1,0.059159876663617626,0,0.910755498847161,1,2,3,0,0,1,0,0,1,0
0,1,2.172495405612386,0,0,-0.03587666279325473,1,-0.5609748304808925,1,0.3714702142925055,0,2,2,1,0,0,0,0,0,0
0,3,0.06675029679361683,0,0,-0.5452853709271769,0,-0.5609748304808925,1,-0.39163608705444175,0,2,1,0,0,1,0,0,0,0
1,3,-1.51255853482046,1,1,-0.36058059684628596,0,0.6792945838081278,0,-0.48856644865740273,0,0,2,0,0,1,1,0,0,0
0,3,-0.3092756154954491,1,0,-0.26489411216415104,0,0.059159876663617626,0,-0.3234905181071383,0,2,2,0,0,1,0,0,0,0
0,3,-0.6100963453267019,0,0,-0.5641087873940193,0,-0.5609748304808925,1,-0.4198340104298486,0,2,0,0,0,1,0,0,0,0
0,1,1.9468798582389464,0,0,-0.017053246326412325,1,-0.5609748304808925,1,0.3996681376679123,0,2,2,0,0,1,0,0,0,0
0,1,3.1501627775639576,0,0,0.4301017176975453,0,-0.5609748304808925,1,1.0695168569315452,0,3,3,1,0,0,0,0,0,0
0,3,-0.6100963453267019,0,0,-0.5452853709271769,0,-0.5609748304808925,1,-0.39163608705444175,0,2,1,0,0,1,0,0,0,0
0,3,-0.3092756154954491,0,0,-0.39450274624659437,0,-0.5609748304808925,1,-0.16576014659616733,0,2,2,1,0,0,0,0,0,0
1,1,1.8716746757811333,1,0,1.106862362856988,1,0.059159876663617626,0,0.703971314884248,1,2,3,1,0,0,0,1,0,0
0,3,-0.3092756154954491,0,0,-0.3794040133131284,0,-0.5609748304808925,1,-0.1431418873086691,0,2,2,0,0,1,0,0,0,0
0,1,-0.3092756154954491,1,2,2.831164957812677,1,1.299429290952638,0,0.6600583363376848,1,2,3,0,0,1,0,0,1,0
0,3,-0.3844807979532623,0,0,-0.5512665115095161,0,-0.5609748304808925,1,-0.4005959772069773,0,2,0,0,0,1,0,0,0,0
0,3,-0.9109170751579546,0,0,-0.5308736926947507,0,-0.5609748304808925,1,-0.3700470519701459,0,1,1,0,0,1,0,0,0,0
0,3,-0.6100963453267019,0,0,-0.5523441521022427,0,-0.5609748304808925,1,-0.4022103083202193,1,2,0,0,1,0,0,1,0,0
0,3,-0.5724937540977952,0,0,-0.5551864879887359,0,-0.5609748304808925,1,-0.40646819474990575,1,2,0,0,1,0,0,1,0,0
0,3,0.5931865739983091,0,0,-0.5091091174049641,0,-0.5609748304808925,1,-0.3374432030673318,1,2,1,0,0,1,0,1,0,0
1,1,-0.9861222576157678,0,0,1.3005859063525549,1,-0.5609748304808925,1,2.37352277394639,1,1,3,0,0,1,0,1,0,0
0,1,-0.8357118927001413,1,0,1.827641567424142,1,0.059159876663617626,0,1.2438434687191542,0,2,3,1,0,0,0,0,0,0
1,2,0.29236584416705635,0,2,-0.12293496395240078,0,0.6792945838081278,0,-0.369900187785899,1,2,2,0,0,1,0,0,1,0
1,1,0.8188021213717487,0,0,-0.10999386513144661,0,-0.5609748304808925,1,0.26044089100184115,0,2,2,0,0,1,0,0,0,0
0,3,-0.08366006812200955,0,0,-0.20469917923024744,0,-0.5609748304808925,1,0.11857008901932546,0,2,2,0,0,1,0,0,0,0
1,3,-0.23407043303763592,0,0,0.5946089659095145,0,-0.5609748304808925,1,1.3159526082709134,0,2,3,0,0,1,0,0,0,0
1,3,-0.008454885664196365,0,0,-0.5523441521022427,0,-0.5609748304808925,1,-0.4022103083202193,0,2,0,0,1,0,0,0,0,0
0,3,-0.3092756154954491,0,0,-0.5452853709271769,0,-0.5609748304808925,1,-0.39163608705444175,0,2,1,0,0,1,0,0,0,0
1,1,0.5179813915404959,0,0,-0.11617029865962926,1,-0.5609748304808925,1,0.2511884473942858,0,2,2,0,0,1,0,0,0,0
1,1,1.8716746757811333,1,0,0.662942673538269,0,0.059159876663617626,0,0.3714702142925055,1,2,3,1,0,0,0,0,1,0
0,3,-0.3844807979532623,0,0,-0.558325292684582,0,-0.5609748304808925,1,-0.4111701984727549,0,2,0,0,0,1,0,0,0,0
0,1,1.345238398576441,0,0,0.06578860954416106,1,-0.5609748304808925,1,0.5237671984430778,0,2,3,0,0,1,0,0,0,0
1,2,0.36757102662486957,0,0,-0.4876386579974721,1,-0.5609748304808925,1,-0.30527994671725833,1,2,1,0,0,1,0,0,1,0
0,3,-0.3092756154954491,0,0,-0.16646411453197382,0,-0.5609748304808925,1,0.17584712087562057,0,2,2,0,1,0,0,0,0,0
1,2,0.5179813915404959,1,0,-0.12293496395240078,0,0.059159876663617626,0,-0.21716143616911202,1,2,2,0,0,1,0,0,1,0
0,3,0.2171606617092432,0,0,-0.5489135844511608,0,-0.5609748304808925,1,-0.3970712367850514,0,2,0,0,0,1,0,0,0,0
1,1,0.06675029679361683,0,0,1.4652908004374259,1,-0.5609748304808925,1,2.6202546034811998,1,2,3,0,0,1,0,1,0,0
0,3,-0.5348911628688886,0,0,-0.5489135844511608,0,-0.5609748304808925,1,-0.3970712367850514,0,2,0,0,0,1,0,0,0,0
0,3,-0.3092756154954491,0,0,-0.5646970191586081,0,-0.5609748304808925,1,-0.42071519553533004,0,2,0,1,0,0,0,0,0,0
1,1,1.1196228512030013,0,1,0.6295122858931569,1,0.059159876663617626,0,0.3464304583351442,1,2,3,1,0,0,0,0,1,0
0,3,-0.3092756154954491,0,0,-0.5645981962221572,0,-0.5609748304808925,1,-0.4205671564376092,0,2,0,1,0,0,0,0,0,0
0,3,0.8564047126006552,0,0,-0.5523441521022427,0,-0.5609748304808925,1,-0.4022103083202193,0,2,0,0,1,0,0,0,0,0
1,2,1.5708539459498805,0,0,-0.4876386579974721,0,-0.5609748304808925,1,-0.30527994671725833,1,2,1,0,0,1,0,1,0,0
0,1,0.8188021213717487,0,0,4.483606807479136,1,-0.5609748304808925,1,7.141763418804309,0,2,3,0,0,1,0,0,0,0
0,3,0.7435969389139355,0,0,-0.548226529750121,0,-0.5609748304808925,1,-0.39604201258184907,0,2,1,0,0,1,0,0,0,0
0,2,-0.45968598041107545,2,1,-0.4641093874139191,0,1.299429290952638,0,-0.5740414038891046,0,2,1,0,0,1,0,0,0,0
1,2,-2.038994812025152,1,1,-0.12293496395240078,0,0.6792945838081278,0,-0.369900187785899,1,0,2,0,0,1,0,1,0,0
0,3,-0.3092756154954491,0,0,-0.5645981962221572,0,-0.5609748304808925,1,-0.4205671564376092,0,2,0,1,0,0,0,0,0,0
0,3,-0.9109170751579546,1,1,-0.5645981962221572,0,0.6792945838081278,0,-0.5904408461588517,0,1,0,1,0,0,0,0,0,0
1,3,-0.5724937540977952,0,2,-0.20862150863652568,0,0.6792945838081278,0,-0.412687011767657,1,2,2,1,0,0,0,0,1,0
0,3,0.06675029679361683,0,0,-0.5308736926947507,0,-0.5609748304808925,1,-0.3700470519701459,1,2,1,0,0,1,0,1,0,0
1,2,-1.6629688997360863,0,2,-0.11705264630651252,0,0.6792945838081278,0,-0.3669629041009608,1,0,2,0,0,1,0,1,0,0
0,1,1.1948280336608146,0,0,-0.10999386513144661,1,-0.5609748304808925,1,0.26044089100184115,0,2,2,0,0,1,0,0,0,1
1,1,0.06675029679361683,0,0,1.7694066227298482,0,-0.5609748304808925,1,3.0758273030151164,1,2,3,1,0,0,0,1,0,0
0,3,-0.3092756154954491,0,0,-0.3935215756632601,0,-0.5609748304808925,1,-0.16429032984022424,0,2,2,0,0,1,0,0,0,0
1,1,-0.5348911628688886,0,2,0.43000289476109443,1,0.6792945838081278,0,-0.09379552140170716,1,2,3,1,0,0,0,1,0,0
1,1,0.5179813915404959,0,2,0.9358822123074836,1,0.6792945838081278,0,0.15881087550297904,1,2,3,0,0,1,0,1,0,0
0,3,-1.51255853482046,4,2,0.0011819383758412065,0,3.1598334123861687,0,-0.5178973243112858,1,0,3,0,0,1,0,1,0,0
0,3,-1.3621481699048337,4,2,0.0011819383758412065,0,3.1598334123861687,0,-0.5178973243112858,1,0,3,0,0,1,0,1,0,0
1,2,0.2171606617092432,1,0,-0.12293496395240078,0,0.059159876663617626,0,-0.21716143616911202,0,2,2,0,0,1,0,0,0,0
0,1,1.5708539459498805,1,0,1.7694066227298482,1,0.059159876663617626,0,1.2002248059978218,0,2,3,1,0,0,0,0,0,0
0,1,2.623726500359265,0,0,-0.12293496395240078,0,-0.5609748304808925,1,0.24105481868124892,0,3,2,0,0,1,0,0,0,0
1,2,-0.7605067102423282,1,0,-0.12293496395240078,0,0.059159876663617626,0,-0.21716143616911202,1,2,2,0,0,1,0,0,1,0
1,2,0.06675029679361683,0,0,-0.40852148566027513,0,-0.5609748304808925,1,-0.18676055003000153,0,2,1,1,0,0,0,0,0,0
0,3,0.29236584416705635,1,1,-0.2517577203973534,0,0.6792945838081278,0,-0.4342267004860459,0,2,2,0,0,1,0,0,0,0
1,2,-1.5877637172782733,1,1,0.13000469482079385,0,0.6792945838081278,0,-0.24359698933355592,0,0,3,0,0,1,1,0,0,0
1,1,-0.9109170751579546,0,2,1.8743071697725027,1,0.6792945838081278,0,0.6274051410689637,0,1,3,1,0,0,0,0,0,0
0,2,-0.15886525057982273,0,0,-0.12293496395240078,0,-0.5609748304808925,1,0.24105481868124892,0,2,2,0,0,1,0,0,0,0
0,3,-0.3092756154954491,0,0,-0.5504806338720254,0,-0.5609748304808925,1,-0.39941871390605405,0,2,0,0,1,0,0,0,0,0
1,3,-0.5348911628688886,0,0,-0.5646970191586081,0,-0.5609748304808925,1,-0.42071519553533004,0,2,0,1,0,0,0,0,0,0
1,3,-0.5348911628688886,0,0,-0.551755920337654,0,-0.5609748304808925,1,-0.40132912321473785,1,2,0,0,0,1,0,1,0,0
0,1,2.4733161354436386,0,0,-0.10999386513144661,0,-0.5609748304808925,1,0.26044089100184115,0,3,2,0,0,1,0,0,0,0
1,1,1.4204435810342542,1,0,0.1970631159839199,1,0.059159876663617626,0,0.02252091252184603,1,2,3,1,0,0,0,0,0,1
0,1,0.8188021213717487,0,0,4.618801290398115,0,-0.5609748304808925,1,7.344287953967325,0,2,3,1,0,0,0,0,0,0
1,1,0.7435969389139355,1,1,1.139410402855217,1,0.6792945838081278,0,0.26044089100184115,1,2,3,0,0,1,0,0,1,0
1,3,0.5179813915404959,1,0,-0.3252866909709565,0,0.059159876663617626,0,-0.36872527431192376,1,2,2,0,0,1,0,0,1,0
0,3,-0.3092756154954491,0,0,-0.5523441521022427,0,-0.5609748304808925,1,-0.4022103083202193,0,2,0,0,1,0,0,0,0,0
0,3,0.8188021213717487,0,0,-0.5489135844511608,0,-0.5609748304808925,1,-0.3970712367850514,0,2,0,0,0,1,0,0,0,0
0,2,-0.08366006812200955,0,0,-0.4170508462468131,0,-0.5609748304808925,1,-0.19953773405948275,0,2,1,0,0,1,0,0,0,0
0,3,-0.3092756154954491,0,0,-0.5452853709271769,0,-0.5609748304808925,1,-0.39163608705444175,0,2,1,0,0,1,0,0,0,0
0,3,-0.5724937540977952,0,0,-0.5452853709271769,0,-0.5609748304808925,1,-0.39163608705444175,1,2,1,0,0,1,0,1,0,0
0,3,-0.3844807979532623,2,0,-0.16646411453197382,0,0.6792945838081278,0,-0.3916360870544418,0,2,2,0,0,1,0,0,0,0
0,3,-0.7605067102423282,0,0,-0.5489135844511608,0,-0.5609748304808925,1,-0.3970712367850514,0,2,0,0,0,1,0,0,0,0
0,3,-0.008454885664196365,0,4,-0.23881662157639924,0,1.9195639980971482,0,-0.5268098822352982,1,2,2,0,0,1,0,0,1,0
0,3,-0.3092756154954491,0,0,-0.5645981962221572,0,-0.5609748304808925,1,-0.4205671564376092,0,2,0,1,0,0,0,0,0,0
1,3,0.2171606617092432,0,0,-0.5498924021074366,0,-0.5609748304808925,1,-0.39853752880057264,0,2,0,0,0,1,0,0,0,0
1,2,2.4733161354436386,0,0,-0.4876386579974721,0,-0.5609748304808925,1,-0.30527994671725833,0,3,1,0,0,1,0,0,0,0
1,1,1.79646949332332,2,0,0.47657202710006247,1,0.6792945838081278,0,-0.07054163392478838,1,2,3,0,0,1,0,0,1,0
1,1,0.5179813915404959,0,0,-0.113817371601274,1,-0.5609748304808925,1,0.25471318781621155,0,2,2,0,0,1,0,0,0,0
1,3,-0.5724937540977952,0,0,-0.5523441521022427,0,-0.5609748304808925,1,-0.4022103083202193,1,2,0,0,1,0,0,1,0,0
0,3,-0.9861222576157678,0,0,-0.5452853709271769,0,-0.5609748304808925,1,-0.39163608705444175,0,1,1,0,0,1,0,0,0,0
0,3,-0.7605067102423282,0,0,-0.3935215756632601,0,-0.5609748304808925,1,-0.16429032984022424,0,2,2,0,0,1,0,0,0,0
1,2,0.36757102662486957,0,0,-0.4288154815385896,0,-0.5609748304808925,1,-0.21716143616911202,1,2,1,0,0,1,0,1,0,0
1,1,0.7435969389139355,1,0,0.5805902264958336,1,0.059159876663617626,0,0.30978725690880304,1,2,3,0,0,1,0,0,1,0
0,3,-0.5724937540977952,1,0,-0.39450274624659437,0,0.059159876663617626,0,-0.4205689188078201,1,2,2,1,0,0,0,0,1,0
1,3,0.2171606617092432,0,0,-0.548226529750121,0,-0.5609748304808925,1,-0.39604201258184907,0,2,1,0,0,1,0,0,0,0
1,2,-0.3092756154954491,1,1,-0.02881788161818882,0,0.6792945838081278,0,-0.3229036488268876,1,2,2,0,0,1,0,1,0,0
1,1,0.7435969389139355,1,1,1.8743071697725027,1,0.6792945838081278,0,0.6274051410689637,1,2,3,1,0,0,0,0,1,0
0,2,1.8716746757811333,0,0,-0.12293496395240078,0,-0.5609748304808925,1,0.24105481868124892,0,2,2,0,0,1,0,0,0,0
0,1,0.5179813915404959,0,0,0.2094159830402852,1,-0.5609748304808925,1,0.7389244032782757,0,2,3,1,0,0,0,0,0,0
0,3,-0.3092756154954491,0,0,-0.529697229165573,0,-0.5609748304808925,1,-0.368284681759183,0,2,1,1,0,0,0,0,0,0
1,1,-0.8357118927001413,0,2,1.139410402855217,1,0.6792945838081278,0,0.26044089100184115,1,2,3,0,0,1,0,1,0,0
0,2,1.345238398576441,0,0,-0.3817569403714836,0,-0.5609748304808925,1,-0.14666662773059497,0,2,2,0,0,1,0,0,0,0
1,1,2.3229057705280125,1,1,1.1288222310926181,1,0.6792945838081278,0,0.2551537803689524,0,2,3,1,0,0,0,0,0,0
0,3,-0.5348911628688886,0,0,-0.5452853709271769,0,-0.5609748304808925,1,-0.39163608705444175,0,2,1,0,0,1,0,0,0,0
0,3,-0.3092756154954491,0,0,-0.5452853709271769,0,-0.5609748304808925,1,-0.39163608705444175,0,2,1,0,0,1,0,0,0,0
0,3,0.4427762090826827,0,0,-0.5670499462169634,0,-0.5609748304808925,1,-0.4242399359572559,0,2,0,0,0,1,0,0,0,0
1,1,1.7212643108655068,1,0,1.106862362856988,1,0.059159876663617626,0,0.703971314884248,1,2,3,1,0,0,0,0,1,0
0,3,1.345238398576441,0,0,-0.5641087873940193,0,-0.5609748304808925,1,-0.4198340104298486,0,2,0,0,0,1,0,0,0,0
0,3,-0.5724937540977952,0,2,-0.5523441521022427,0,0.6792945838081278,0,-0.5843218967863885,1,2,0,0,1,0,0,1,0,0
0,2,0.5931865739983091,1,0,-0.12293496395240078,0,0.059159876663617626,0,-0.21716143616911202,0,2,2,0,0,1,0,0,0,0
0,3,0.5179813915404959,1,1,-0.16646411453197382,0,0.6792945838081278,0,-0.3916360870544418,0,2,2,0,0,1,0,0,0,0
1,2,-0.08366006812200955,0,0,0.04176993013247014,0,-0.5609748304808925,1,0.48778664821605866,1,2,3,0,0,1,0,1,0,0
0,3,1.4956487634920672,0,0,-0.7346959991247785,0,-0.5609748304808925,1,-0.675377691019473,0,2,0,0,0,1,0,0,0,0
0,3,-0.3092756154954491,0,0,-0.5646970191586081,0,-0.5609748304808925,1,-0.42071519553533004,0,2,0,1,0,0,0,0,0,0
1,1,1.4956487634920672,1,0,0.6048065517804263,1,0.059159876663617626,0,0.3279255711200335,0,2,3,1,0,0,0,0,0,1
1,2,-0.3844807979532623,2,1,-0.09940569336884779,0,1.299429290952638,0,-0.43745771253947785,1,2,2,0,0,1,0,0,1,0
0,3,-0.3092756154954491,0,0,-0.5489135844511608,0,-0.5609748304808925,1,-0.3970712367850514,0,2,0,0,0,1,0,0,0,0
0,1,0.8188021213717487,0,0,0.2629450736178682,0,-0.5609748304808925,1,0.8191122478770888,0,2,3,0,0,1,0,0,0,0
0,3,1.1196228512030013,0,0,-0.5452853709271769,0,-0.5609748304808925,1,-0.39163608705444175,0,2,1,0,0,1,0,0,0,0
1,1,0.4427762090826827,0,0,-0.10999386513144661,0,-0.5609748304808925,1,0.26044089100184115,0,2,2,1,0,0,0,0,0,0
0,3,0.5179813915404959,1,0,-0.3688158415505295,0,0.059159876663617626,0,-0.40132912321473785,0,2,2,0,0,1,0,0,0,0
0,3,0.06675029679361683,0,0,-0.5489135844511608,0,-0.5609748304808925,1,-0.3970712367850514,0,2,0,0,0,1,0,0,0,0
1,1,-0.15886525057982273,0,0,-0.017053246326412325,0,-0.5609748304808925,1,0.3996681376679123,0,2,2,0,0,1,0,0,0,0
1,2,-0.5348911628688886,1,2,0.24363224832288793,0,1.299429290952638,0,-0.30898797364112435,1,2,3,1,0,0,0,0,1,0
1,1,0.8188021213717487,0,0,2.876164687803722,1,-0.5609748304808925,1,4.733777078978489,1,2,3,0,0,1,0,1,0,0
0,3,0.7435969389139355,1,5,0.0011819383758412065,0,3.1598334123861687,0,-0.5178973243112858,1,2,3,0,0,1,0,0,1,0
0,3,-0.3092756154954491,0,0,-0.5688146415107299,0,-0.5609748304808925,1,-0.4268834912737003,0,2,0,0,0,1,0,0,0,0
1,3,-0.5724937540977952,1,0,-0.36999230507970715,0,0.059159876663617626,0,-0.4022103083202193,1,2,2,0,1,0,0,1,0,0
0,3,-0.3092756154954491,0,0,-0.5523441521022427,0,-0.5609748304808925,1,-0.4022103083202193,0,2,0,0,1,0,0,0,0,0
0,3,0.4427762090826827,0,0,-0.5452853709271769,0,-0.5609748304808925,1,-0.39163608705444175,0,2,1,0,0,1,0,0,0,0
1,2,-0.3844807979532623,1,2,0.7947065888061656,0,1.299429290952638,0,-0.1026073724565218,1,2,3,0,0,1,0,1,0,0
0,3,0.36757102662486957,1,1,-0.3958745027216154,0,0.6792945838081278,0,-0.506190150767032,0,2,1,0,0,1,0,0,0,0
0,3,-0.23407043303763592,1,0,-0.3558747427295753,0,0.059159876663617626,0,-0.39163608705444175,1,2,2,0,0,1,0,0,1,0
1,2,-1.8885844471095259,2,1,0.18294555363378806,1,1.299429290952638,0,-0.33171549988170224,1,0,3,0,0,1,0,1,0,0
0,2,-0.23407043303763592,0,0,-0.4876386579974721,0,-0.5609748304808925,1,-0.30527994671725833,0,2,1,0,0,1,0,0,0,0
0,3,-0.15886525057982273,1,0,-0.3945992162559869,0,0.059159876663617626,0,-0.4206411759864696,0,2,1,1,0,0,0,0,0,0
1,1,0.969212486287375,1,0,0.501865992977382,1,0.059159876663617626,0,0.2508218743904055,0,2,3,0,0,1,0,0,0,0
1,3,-0.685301527784515,1,1,-0.36430528037966237,0,0.6792945838081278,0,-0.4904263366867056,0,2,2,1,0,0,0,0,0,0
0,3,-0.6100963453267019,0,0,-0.5498924021074366,0,-0.5609748304808925,1,-0.39853752880057264,0,2,0,0,0,1,0,0,0,0
0,3,-0.6100963453267019,0,0,-0.3558747427295753,0,-0.5609748304808925,1,-0.10789448308941052,0,2,2,0,0,1,0,0,0,0
0,1,2.3981109529858253,0,0,0.025788849552120918,1,-0.5609748304808925,1,0.4638466112703382,0,3,3,0,0,1,0,0,0,0
0,2,2.0972902231545727,0,0,-0.4441095074178991,0,-0.5609748304808925,1,-0.2400722489116301,0,2,1,0,1,0,0,0,0,1
1,1,-0.6100963453267019,0,0,1.0996059358090202,1,-0.5609748304808925,1,2.072450021326749,1,2,3,0,0,1,0,1,0,0
0,3,-0.23407043303763592,0,0,-0.5489135844511608,0,-0.5609748304808925,1,-0.3970712367850514,0,2,0,0,0,1,0,0,0,0
0,3,-0.3092756154954491,0,0,-0.5527370909209881,0,-0.5609748304808925,1,-0.40279893997068095,0,2,0,0,1,0,0,0,0,0
1,1,3.827009419684276,0,0,-0.02881788161818882,1,-0.5609748304808925,1,0.38204443555828305,0,3,2,0,0,1,0,0,0,0
0,3,1.6460591284076938,0,0,-0.568715818574279,0,-0.5609748304808925,1,-0.4267354521759794,0,2,0,0,0,1,0,0,0,0
1,1,0.2171606617092432,0,0,-0.017053246326412325,1,-0.5609748304808925,1,0.3996681376679123,0,2,2,1,0,0,0,0,0,1
0,1,0.8188021213717487,0,0,-0.7346959991247785,0,-0.5609748304808925,1,-0.675377691019473,0,2,0,0,0,1,0,0,0,0
0,3,-1.51255853482046,3,2,-0.07822934984365013,0,2.5396987052416584,0,-0.5114772613999208,1,0,2,0,0,1,0,1,0,0
1,2,-0.08366006812200955,0,0,-0.4288154815385896,0,-0.5609748304808925,1,-0.21716143616911202,1,2,1,0,0,1,0,1,0,0
0,3,0.2171606617092432,0,0,-0.548226529750121,0,-0.5609748304808925,1,-0.39604201258184907,0,2,1,0,0,1,0,0,0,0
0,2,0.14195547925143,1,1,-0.11705264630651252,0,0.6792945838081278,0,-0.3669629041009608,0,2,2,0,0,1,0,0,0,0
0,3,0.8940073038295618,0,5,0.19912192715998075,0,2.5396987052416584,0,-0.4422307985275025,1,2,3,0,0,1,0,0,1,0
0,3,-0.3092756154954491,1,0,-0.3558747427295753,0,0.059159876663617626,0,-0.39163608705444175,0,2,2,0,0,1,0,0,0,0
0,3,-0.685301527784515,0,0,-0.5498924021074366,0,-0.5609748304808925,1,-0.39853752880057264,0,2,0,0,0,1,0,0,0,0
1,1,-0.3844807979532623,0,0,0.8958824523154435,1,-0.5609748304808925,1,1.7672674213751434,1,2,3,1,0,0,0,0,0,1
0,3,-2.038994812025152,3,2,-0.07822934984365013,0,2.5396987052416584,0,-0.5114772613999208,1,0,2,0,0,1,0,1,0,0
1,3,-0.3092756154954491,0,0,0.5946089659095145,0,-0.5609748304808925,1,1.3159526082709134,0,2,3,0,0,1,0,0,0,0
1,3,-2.1330012900974187,2,1,-0.28156224744554,0,1.299429290952638,0,-0.5056764198505364,1,0,2,1,0,0,0,1,0,0
1,1,1.4204435810342542,1,0,1.0706861093347755,1,0.059159876663617626,0,0.676874872890693,0,2,3,1,0,0,0,0,0,0
0,3,-0.7605067102423282,0,0,-0.5489135844511608,0,-0.5609748304808925,1,-0.3970712367850514,0,2,0,0,0,1,0,0,0,0
1,1,2.0220850406967594,0,0,0.10059310659135261,1,-0.5609748304808925,1,0.575905158764205,0,2,3,1,0,0,0,0,0,1
0,3,-0.3092756154954491,0,0,-0.5570500062189534,0,-0.5609748304808925,1,-0.409259789164071,0,2,0,0,0,1,0,0,0,0
1,3,-0.45968598041107545,0,0,-0.5570500062189534,0,-0.5609748304808925,1,-0.409259789164071,1,2,0,0,0,1,0,1,0,0
0,3,-0.3092756154954491,0,0,-0.5489135844511608,0,-0.5609748304808925,1,-0.3970712367850514,0,2,0,0,0,1,0,0,0,0
1,2,-0.8357118927001413,0,1,-0.19352277570305973,0,0.059159876663617626,0,-0.27003254249799985,1,2,2,0,0,1,0,1,0,0
0,3,-0.6100963453267019,0,0,-0.536266601512501,0,-0.5609748304808925,1,-0.3781257570172,0,2,1,0,0,1,0,0,0,0
1,3,-0.5724937540977952,0,0,-0.5504806338720254,0,-0.5609748304808925,1,-0.39941871390605405,1,2,0,0,1,0,0,1,0,0
0,3,-0.8357118927001413,0,0,-0.5758734226857958,0,-0.5609748304808925,1,-0.43745771253947785,1,2,0,0,1,0,0,1,0,0
0,2,-0.3844807979532623,2,0,0.994705388766366,0,0.6792945838081278,0,0.18818371235236112,0,2,3,0,0,1,0,0,0,0
0,3,-0.3092756154954491,0,0,-0.5489135844511608,0,-0.5609748304808925,1,-0.3970712367850514,0,2,0,0,0,1,0,0,0,0
0,3,0.2171606617092432,1,1,-0.36999230507970715,0,0.6792945838081278,0,-0.49326610255330383,1,2,2,0,1,0,0,0,1,0
0,2,-0.45968598041107545,0,0,-0.4288154815385896,0,-0.5609748304808925,1,-0.21716143616911202,0,2,1,0,0,1,0,0,0,0
0,1,2.172495405612386,0,2,1.9305821262271863,1,0.6792945838081278,0,0.6555055466260304,0,2,3,1,0,0,0,0,0,0
1,1,1.5708539459498805,2,0,2.4099910143670784,0,0.6792945838081278,0,0.8948941669484949,0,2,3,0,0,1,0,0,0,1
0,3,0.8188021213717487,0,0,-0.5646970191586081,0,-0.5609748304808925,1,-0.42071519553533004,0,2,0,1,0,0,0,0,0,0
0,1,1.345238398576441,0,0,-0.1326407880681164,1,-0.5609748304808925,1,0.22651526444080472,0,2,2,0,0,1,0,0,0,0
0,3,0.5179813915404959,0,0,-0.558325292684582,0,-0.5609748304808925,1,-0.4111701984727549,0,2,0,0,0,1,0,0,0,0
1,3,-0.685301527784515,1,0,-0.548226529750121,0,0.059159876663617626,0,-0.535709851800661,0,2,1,0,0,1,0,0,0,0
0,2,0.2171606617092432,2,0,0.994705388766366,0,0.6792945838081278,0,0.18818371235236112,0,2,3,0,0,1,0,0,0,0
0,2,-0.3092756154954491,0,0,-0.4288154815385896,0,-0.5609748304808925,1,-0.21716143616911202,0,2,1,0,0,1,0,0,0,0
0,3,-0.3092756154954491,0,0,-0.551755920337654,0,-0.5609748304808925,1,-0.40132912321473785,0,2,0,0,0,1,0,0,0,0
0,3,1.0444176687451883,0,0,-0.5452853709271769,0,-0.5609748304808925,1,-0.39163608705444175,0,2,1,0,0,1,0,0,0,0
1,1,0.4427762090826827,1,0,0.4888260712199769,1,0.059159876663617626,0,0.24105481868124892,1,2,3,0,0,1,0,0,1,0
1,2,0.8188021213717487,1,1,0.18294555363378806,0,0.6792945838081278,0,-0.21716143616911202,1,2,3,0,0,1,0,0,1,0
0,1,0.14195547925143,1,0,0.4888260712199769,1,0.059159876663617626,0,0.24105481868124892,0,2,3,0,0,1,0,0,0,0
0,2,3.0749575951061443,0,0,-0.4876386579974721,0,-0.5609748304808925,1,-0.30527994671725833,0,3,1,0,0,1,0,0,0,0
1,2,0.14195547925143,0,0,-0.4288154815385896,0,-0.5609748304808925,1,-0.21716143616911202,0,2,1,0,0,1,0,0,0,0
0,2,0.06675029679361683,0,0,-0.7346959991247785,0,-0.5609748304808925,1,-0.675377691019473,0,2,0,0,0,1,0,0,0,0
0,3,-0.8357118927001413,0,0,-0.551755920337654,0,-0.5609748304808925,1,-0.40132912321473785,0,2,0,0,0,1,0,0,0,0
0,3,-0.3468782067243557,0,0,-0.5452853709271769,0,-0.5609748304808925,1,-0.39163608705444175,0,2,1,0,0,1,0,0,0,0
1,3,-0.8357118927001413,0,0,-0.503127976822625,0,-0.5609748304808925,1,-0.32848331291479627,1,2,1,0,0,1,0,1,0,0
0,3,1.0444176687451883,1,6,0.36882679124385664,0,3.779968119530679,0,-0.4687397837840698,1,2,3,0,0,1,0,0,1,0
1,1,0.5179813915404959,0,1,5.124238728242953,1,0.059159876663617626,0,3.713033753705343,0,2,3,1,0,0,0,0,0,0
0,3,-0.5724937540977952,0,0,-0.543226559751116,0,-0.5609748304808925,1,-0.38855193918525666,1,2,1,0,1,0,0,1,0,0
1,1,-0.15886525057982273,0,0,1.0706861093347755,1,-0.5609748304808925,1,2.029127436800859,0,2,3,1,0,0,0,0,0,0
0,3,-0.685301527784515,0,0,-0.5176384779915022,0,-0.5609748304808925,1,-0.350220387096813,0,2,1,0,0,1,0,0,0,0
0,3,-1.136532622531394,5,2,0.36882679124385664,0,3.779968119530679,0,-0.4687397837840698,0,1,3,0,0,1,0,0,0,0
0,2,2.3229057705280125,1,1,0.18294555363378806,0,0.6792945838081278,0,-0.21716143616911202,0,2,3,0,0,1,0,0,0,0
0,2,-0.3092756154954491,1,2,0.24363224832288793,0,1.299429290952638,0,-0.30898797364112435,0,2,3,1,0,0,0,0,0,0
0,3,-1.136532622531394,4,1,0.19912192715998075,0,2.5396987052416584,0,-0.4422307985275025,0,1,3,0,0,1,0,0,0,0
0,3,-0.7605067102423282,0,0,-0.49538449387357775,0,-0.5609748304808925,1,-0.3168833921862383,0,2,1,0,0,1,0,0,0,0
0,3,-0.8357118927001413,0,0,-0.5512665115095161,0,-0.5609748304808925,1,-0.4005959772069773,0,2,0,0,0,1,0,0,0,0
1,1,-1.061327440073581,0,1,4.237921222826851,1,0.059159876663617626,0,3.0491714535743024,1,1,3,0,0,1,0,1,0,0
1,1,0.14195547925143,1,0,0.6064724241377418,1,0.059159876663617626,0,0.32917332922939524,0,2,3,0,0,1,0,0,0,0
1,3,-1.8885844471095259,0,1,-0.419010834486423,0,0.059159876663617626,0,-0.43892576692521,1,0,1,1,0,0,0,1,0,0
1,3,-0.3092756154954491,0,0,0.5946089659095145,0,-0.5609748304808925,1,1.3159526082709134,0,2,3,0,0,1,0,0,0,0
0,3,-0.3092756154954491,0,0,-0.5646970191586081,0,-0.5609748304808925,1,-0.42071519553533004,0,2,0,1,0,0,0,0,0,0
0,1,2.3229057705280125,0,0,-0.10999386513144661,0,-0.5609748304808925,1,0.26044089100184115,0,2,2,0,0,1,0,0,0,1
0,2,1.7212643108655068,0,0,-0.4170508462468131,0,-0.5609748304808925,1,-0.19953773405948275,0,2,1,0,0,1,0,0,0,0
0,3,1.1196228512030013,0,0,-0.5452853709271769,0,-0.5609748304808925,1,-0.39163608705444175,0,2,1,0,0,1,0,0,0,0
1,3,-0.5724937540977952,0,0,-0.5527370909209881,0,-0.5609748304808925,1,-0.40279893997068095,1,2,0,0,1,0,0,1,0,0
0,1,1.4956487634920672,1,1,1.8743071697725027,1,0.6792945838081278,0,0.6274051410689637,0,2,3,1,0,0,0,0,0,0
0,3,0.969212486287375,0,0,-0.5546970791605981,1,-0.5609748304808925,1,-0.40573504874214517,0,2,0,0,0,1,0,0,0,0
1,1,-0.8357118927001413,1,0,4.618801290398115,1,0.059159876663617626,0,3.334455131473926,1,2,3,1,0,0,0,0,1,0
1,1,0.4427762090826827,0,0,-0.11617029865962926,1,-0.5609748304808925,1,0.2511884473942858,0,2,2,0,0,1,0,0,0,0
0,3,-0.8357118927001413,0,1,-0.3945992162559869,0,0.059159876663617626,0,-0.4206411759864696,1,2,1,1,0,0,0,1,0,0
0,3,-0.3092756154954491,0,0,-0.5525394450480864,0,-0.5609748304808925,1,-0.4025028617752392,0,2,0,0,1,0,0,0,0,0
0,3,-0.23407043303763592,1,0,-0.5498924021074366,0,0.059159876663617626,0,-0.5369576099100228,0,2,0,0,0,1,0,0,0,0
0,2,0.7435969389139355,0,0,-0.12293496395240078,0,-0.5609748304808925,1,0.24105481868124892,0,2,2,0,0,1,0,0,0,0
1,2,1.1948280336608146,0,0,-0.4170508462468131,0,-0.5609748304808925,1,-0.19953773405948275,1,2,1,0,0,1,0,0,1,0
1,1,0.969212486287375,0,0,-0.11617029865962926,1,-0.5609748304808925,1,0.2511884473942858,0,2,2,0,0,1,0,0,0,0
1,1,-0.5348911628688886,0,0,2.831164957812677,0,-0.5609748304808925,1,4.666366418409158,1,2,3,0,0,1,0,1,0,0
1,3,-0.3092756154954491,1,1,-0.3759734456620463,0,0.6792945838081278,0,-0.4962527326041491,0,2,2,1,0,0,1,0,0,0
1,1,-0.3844807979532623,0,0,0.4301017176975453,1,-0.5609748304808925,1,1.0695168569315452,1,2,3,1,0,0,0,0,0,1
0,1,0.8188021213717487,0,0,-0.10999386513144661,1,-0.5609748304808925,1,0.26044089100184115,0,2,2,0,0,1,0,0,0,0
1,1,1.4204435810342542,1,0,0.4888260712199769,1,0.059159876663617626,0,0.24105481868124892,0,2,3,0,0,1,0,0,0,0
0,3,-0.008454885664196365,0,0,-0.5115608673997704,0,-0.5609748304808925,1,-0.3411159825869785,0,2,1,0,0,1,0,0,0,0
0,2,1.7212643108655068,0,0,-0.4288154815385896,0,-0.5609748304808925,1,-0.21716143616911202,0,2,1,0,0,1,0,0,0,0
0,3,-0.7605067102423282,0,0,-0.5546970791605981,1,-0.5609748304808925,1,-0.40573504874214517,0,2,0,0,0,1,0,0,0,0
1,1,0.6683917564561223,0,0,4.618801290398115,1,-0.5609748304808925,1,7.344287953967325,1,2,3,1,0,0,0,1,0,0
1,2,-0.15886525057982273,0,0,-0.4876386579974721,1,-0.5609748304808925,1,-0.30527994671725833,1,2,1,0,0,1,0,1,0,0
0,3,-0.3092756154954491,0,0,-0.36999230507970715,0,-0.5609748304808925,1,-0.1290429256209657,0,2,2,0,1,0,0,0,0,0
0,3,0.29236584416705635,0,0,-0.551755920337654,0,-0.5609748304808925,1,-0.40132912321473785,0,2,0,0,0,1,0,0,0,0
1,2,-1.7381740821938996,0,1,0.04176993013247014,0,0.059159876663617626,0,-0.09379552140170716,1,0,3,0,0,1,0,1,0,0
0,3,-0.9109170751579546,1,0,-0.568715818574279,0,0.059159876663617626,0,-0.5510565715977261,0,1,0,0,0,1,0,0,0,0
0,2,0.36757102662486957,0,0,-0.4288154815385896,0,-0.5609748304808925,1,-0.21716143616911202,0,2,1,0,0,1,0,0,0,0
0,2,1.5708539459498805,0,0,-0.4288154815385896,0,-0.5609748304808925,1,-0.21716143616911202,0,2,1,0,0,1,0,0,0,0
1,1,-0.15886525057982273,1,0,0.5147082688618853,1,0.059159876663617626,0,0.26044089100184115,0,2,3,0,0,1,0,0,0,0
0,3,-0.685301527784515,0,0,-0.5308736926947507,0,-0.5609748304808925,1,-0.3700470519701459,0,2,1,0,0,1,0,0,0,0
1,2,0.06675029679361683,3,0,-0.2405813168701657,0,1.299429290952638,0,-0.49032881886836566,1,2,2,0,0,1,0,0,1,0
1,3,-0.5724937540977952,0,0,-0.5526382679845372,0,-0.5609748304808925,1,-0.40265090087296,1,2,0,0,1,0,0,1,0,0
0,2,-0.3092756154954491,1,0,-0.12293496395240078,0,0.059159876663617626,0,-0.21716143616911202,0,2,2,0,0,1,0,0,0,0
0,3,-0.3092756154954491,1,0,-0.548226529750121,0,0.059159876663617626,0,-0.535709851800661,1,2,1,0,0,1,0,1,0,0
1,1,-0.008454885664196365,0,0,4.237921222826851,1,-0.5609748304808925,1,6.773720598168078,1,2,3,0,0,1,0,1,0,0
0,3,-1.3621481699048337,0,0,-0.29263982803627664,0,-0.5609748304808925,1,-0.013167084250153211,0,0,2,1,0,0,0,0,0,0
0,2,0.06675029679361683,0,0,-0.7346959991247785,0,-0.5609748304808925,1,-0.675377691019473,0,2,0,0,0,1,0,0,0,0
0,2,-0.45968598041107545,0,0,-0.4288154815385896,0,-0.5609748304808925,1,-0.21716143616911202,0,2,1,0,0,1,0,0,0,0
0,2,-0.45968598041107545,0,0,-0.4288154815385896,0,-0.5609748304808925,1,-0.21716143616911202,0,2,1,0,0,1,0,0,0,0
0,3,-0.04605747689310296,0,0,-0.3558747427295753,0,-0.5609748304808925,1,-0.10789448308941052,0,2,2,0,0,1,0,0,0,0
0,3,1.4204435810342542,1,3,0.0741226771848555,0,1.9195639980971482,0,-0.43305178701207053,1,2,3,0,0,1,0,0,1,0
1,1,0.4427762090826827,0,0,5.124238728242953,1,-0.5609748304808925,1,8.101445198430158,0,2,3,1,0,0,0,0,0,0
0,3,-0.3092756154954491,0,0,-0.5489135844511608,0,-0.5609748304808925,1,-0.3970712367850514,0,2,0,0,0,1,0,0,0,0
0,3,-0.3092756154954491,0,0,-0.5489135844511608,0,-0.5609748304808925,1,-0.3970712367850514,0,2,0,0,0,1,0,0,0,0
1,1,0.8188021213717487,0,0,-0.02881788161818882,1,-0.5609748304808925,1,0.38204443555828305,0,2,2,0,0,1,0,0,0,0
0,1,0.5179813915404959,1,0,1.1205869863883744,1,0.059159876663617626,0,0.7142512203247946,0,2,3,0,0,1,0,0,0,0
1,1,-0.6100963453267019,2,2,5.124238728242953,1,1.9195639980971482,0,1.0799868868704532,1,2,3,1,0,0,0,1,0,0
0,3,-0.3844807979532623,1,0,-0.3558747427295753,0,0.059159876663617626,0,-0.39163608705444175,0,2,2,0,0,1,0,0,0,0
1,3,0.14195547925143,0,0,-0.548226529750121,0,-0.5609748304808925,1,-0.39604201258184907,0,2,1,0,0,1,0,0,0,0
0,1,3.0749575951061443,1,1,0.9358822123074836,1,0.6792945838081278,0,0.15881087550297904,0,3,3,0,0,1,0,0,0,1
0,3,-0.9861222576157678,1,1,-0.2582282698078304,0,0.6792945838081278,0,-0.43745771253947785,0,1,2,0,0,1,0,0,0,0
1,2,0.06675029679361683,0,0,-0.4288154815385896,0,-0.5609748304808925,1,-0.21716143616911202,1,2,1,0,0,1,0,1,0,0
0,1,-0.7605067102423282,1,0,0.5147082688618853,1,0.059159876663617626,0,0.26044089100184115,0,2,3,0,0,1,0,0,0,0
0,3,0.14195547925143,0,0,-0.5523441521022427,0,-0.5609748304808925,1,-0.4022103083202193,0,2,0,0,1,0,0,0,0,0
1,2,-1.8885844471095259,1,1,-0.19352277570305973,0,0.6792945838081278,0,-0.4051475920051575,1,0,2,0,0,1,0,1,0,0
1,3,-1.7381740821938996,0,1,-0.44116834859495496,1,0.059159876663617626,0,-0.4555220072018478,0,0,1,0,0,1,1,0,0,0
0,3,0.29236584416705635,0,0,-0.5111679285810251,0,-0.5609748304808925,1,-0.34052735093651687,0,2,1,0,0,1,0,0,0,0
0,3,-0.45968598041107545,0,0,-0.5489135844511608,0,-0.5609748304808925,1,-0.3970712367850514,0,2,0,0,0,1,0,0,0,0
1,2,1.4204435810342542,1,2,0.7947065888061656,0,1.299429290952638,0,-0.1026073724565218,1,2,3,0,0,1,0,0,1,0
1,2,-2.139017704694044,1,1,-0.3935215756632601,0,0.6792945838081278,0,-0.5050152372930568,0,0,2,0,0,1,1,0,0,0
0,3,-0.08366006812200955,0,0,-0.5512665115095161,0,-0.5609748304808925,1,-0.4005959772069773,0,2,0,0,0,1,0,0,0,0
0,2,-0.8357118927001413,0,0,-0.4641093874139191,0,-0.5609748304808925,1,-0.27003254249799985,0,2,1,0,0,1,0,0,0,0
0,3,0.36757102662486957,0,0,-0.5452853709271769,0,-0.5609748304808925,1,-0.39163608705444175,0,2,1,0,0,1,0,0,0,0
1,1,0.29236584416705635,0,0,1.3005859063525549,1,-0.5609748304808925,1,2.37352277394639,1,2,3,0,0,1,0,0,0,1
0,3,-0.3092756154954491,0,0,-0.3935215756632601,0,-0.5609748304808925,1,-0.16429032984022424,0,2,2,0,0,1,0,0,0,0
0,3,0.8940073038295618,0,0,-0.5670499462169634,0,-0.5609748304808925,1,-0.4242399359572559,0,2,0,0,0,1,0,0,0,0
1,3,-0.685301527784515,0,0,-0.5645981962221572,0,-0.5609748304808925,1,-0.4205671564376092,0,2,0,1,0,0,0,0,0,0
1,1,0.5179813915404959,1,2,2.08881647090158,1,1.299429290952638,0,0.38204443555828305,1,2,3,0,0,1,0,0,1,0
0,3,-0.9861222576157678,0,0,-0.551755920337654,0,-0.5609748304808925,1,-0.40132912321473785,0,1,0,0,0,1,0,0,0,0
1,1,1.6460591284076938,1,0,1.0996059358090202,1,0.059159876663617626,0,0.6985361651536383,1,2,3,0,0,1,0,0,1,0
0,1,0.8188021213717487,0,0,0.1970631159839199,0,-0.5609748304808925,1,0.720419516063165,0,2,3,1,0,0,0,0,0,1
0,3,0.1043528880225234,0,0,-0.5523441521022427,0,-0.5609748304808925,1,-0.4022103083202193,1,2,0,0,1,0,0,1,0,0
0,3,-0.3092756154954491,1,0,-0.16646411453197382,0,0.059159876663617626,0,-0.2497652850719262,0,2,2,0,1,0,0,0,0,0
0,3,0.2171606617092432,0,0,-0.5379324738698166,0,-0.5609748304808925,1,-0.38062127323592343,0,2,1,0,0,1,0,0,0,0
0,3,-0.3844807979532623,0,0,-0.5111679285810251,0,-0.5609748304808925,1,-0.34052735093651687,0,2,1,0,0,1,0,0,0,0
0,3,1.4204435810342542,0,0,-0.5498924021074366,0,-0.5609748304808925,1,-0.39853752880057264,0,2,0,0,0,1,0,0,0,0
0,2,2.0972902231545727,0,0,-0.4876386579974721,1,-0.5609748304808925,1,-0.30527994671725833,1,2,1,0,0,1,0,0,1,0
0,3,-0.3092756154954491,0,0,-0.5646970191586081,0,-0.5609748304808925,1,-0.42071519553533004,0,2,0,1,0,0,0,0,0,0
1,2,1.8716746757811333,1,3,-0.19352277570305973,0,1.9195639980971482,0,-0.5132396316108837,1,2,2,0,0,1,0,0,1,0
0,3,-0.8357118927001413,0,0,-0.5523441521022427,0,-0.5609748304808925,1,-0.4022103083202193,0,2,0,0,0,1,0,0,0,0
0,3,-0.3092756154954491,0,0,-0.5523441521022427,1,-0.5609748304808925,1,-0.4022103083202193,0,2,0,0,1,0,0,0,0,0
1,3,-1.8133792646517128,0,0,-0.44116834859495496,0,-0.5609748304808925,1,-0.23566632338422278,1,0,1,0,0,1,0,1,0,0
0,3,-0.3092756154954491,0,0,-0.5526382679845372,0,-0.5609748304808925,1,-0.40265090087296,0,2,0,0,1,0,0,0,0,0
1,1,1.0444176687451883,0,1,4.237921222826851,1,0.059159876663617626,0,3.0491714535743024,1,2,3,0,0,1,0,0,1,0
1,3,-1.2117378049892074,0,0,-0.5645981962221572,0,-0.5609748304808925,1,-0.4205671564376092,1,1,0,1,0,0,0,1,0,0
1,1,-0.9109170751579546,1,0,0.6064724241377418,1,0.059159876663617626,0,0.32917332922939524,1,1,3,0,0,1,0,0,1,0
0,1,-0.008454885664196365,0,0,-0.02881788161818882,1,-0.5609748304808925,1,0.38204443555828305,0,2,2,0,0,1,0,0,0,0
0,3,-0.3092756154954491,1,2,-0.1829346039404609,0,1.299429290952638,0,-0.4687397837840698,0,2,2,0,0,1,0,0,0,0
0,3,-0.3092756154954491,0,0,-0.5688146415107299,0,-0.5609748304808925,1,-0.4268834912737003,0,2,0,0,0,1,0,0,0,0
0,3,-0.3092756154954491,0,0,-0.5641087873940193,0,-0.5609748304808925,1,-0.4198340104298486,0,2,0,0,0,1,0,0,0,0
1,3,-0.8357118927001413,0,0,-0.558325292684582,0,-0.5609748304808925,1,-0.4111701984727549,1,2,0,0,0,1,0,1,0,0
0,3,-1.5877637172782733,4,1,-0.04940599337879768,0,2.5396987052416584,0,-0.5042809163718222,0,0,2,0,1,0,1,0,0,0
1,3,-2.1141999944829655,1,2,-0.25058125686817573,0,1.299429290952638,0,-0.49407385556666183,0,0,2,0,0,1,1,0,0,0
0,1,1.2700332161186279,0,0,1.1288222310926181,1,-0.5609748304808925,1,2.116216723145803,0,2,3,1,0,0,0,0,0,0
0,3,-0.3092756154954491,0,0,-0.5523441521022427,0,-0.5609748304808925,1,-0.4022103083202193,0,2,0,0,1,0,0,0,0,0
0,2,-0.9861222576157678,0,0,-0.12293496395240078,0,-0.5609748304808925,1,0.24105481868124892,0,1,2,0,0,1,0,0,0,0
0,3,-0.5724937540977952,8,2,0.9017647699613317,0,5.64037224096421,0,-0.4525179670695247,1,2,3,0,0,1,0,1,0,0
0,1,0.8188021213717487,0,0,-0.012446215146152687,0,-0.5609748304808925,1,0.4065695794140431,0,2,2,1,0,0,0,0,0,0
0,3,-0.3092756154954491,0,0,-0.5489135844511608,0,-0.5609748304808925,1,-0.3970712367850514,0,2,0,0,0,1,0,0,0,0
0,2,0.7435969389139355,0,0,-0.4288154815385896,0,-0.5609748304808925,1,-0.21716143616911202,0,2,1,0,0,1,0,0,0,0
1,1,1.4956487634920672,0,0,-0.12460083630971629,1,-0.5609748304808925,1,0.23855930246252546,1,2,2,0,0,1,0,0,0,1
1,3,0.14195547925143,0,0,-0.5303842838666128,0,-0.5609748304808925,1,-0.3693139059623854,1,2,1,0,0,1,0,0,1,0
0,3,0.06675029679361683,0,0,-0.5645981962221572,0,-0.5609748304808925,1,-0.4205671564376092,0,2,0,1,0,0,0,0,0,0
0,3,0.06675029679361683,1,1,-0.16646411453197382,0,0.6792945838081278,0,-0.3916360870544418,1,2,2,0,0,1,0,0,1,0
0,2,0.36757102662486957,0,0,-0.4288154815385896,0,-0.5609748304808925,1,-0.21716143616911202,0,2,1,0,0,1,0,0,0,0
1,2,0.14195547925143,1,1,-0.11705264630651252,0,0.6792945838081278,0,-0.3669629041009608,1,2,2,0,0,1,0,0,1,0
1,1,-1.3621481699048337,1,2,2.08881647090158,1,1.299429290952638,0,0.38204443555828305,0,0,3,0,0,1,1,0,0,0
1,3,-2.157819000308497,0,1,-0.5343042603458327,0,0.059159876663617626,0,-0.5252819072623934,0,0,1,1,0,0,1,0,0,0
1,3,-0.15886525057982273,0,0,-0.5705793368044965,0,-0.5609748304808925,1,-0.4295270465901447,0,2,0,0,0,1,0,0,0,0
0,3,0.14195547925143,0,0,-0.551755920337654,0,-0.5609748304808925,1,-0.40132912321473785,0,2,0,0,0,1,0,0,0,0
0,1,0.7435969389139355,0,0,-0.7346959991247785,1,-0.5609748304808925,1,-0.675377691019473,0,2,0,0,0,1,0,0,0,0
0,3,-0.8357118927001413,0,0,-0.551755920337654,0,-0.5609748304808925,1,-0.40132912321473785,1,2,0,0,0,1,0,1,0,0
0,2,0.7435969389139355,0,0,-0.4288154815385896,0,-0.5609748304808925,1,-0.21716143616911202,0,2,1,0,0,1,0,0,0,0
1,1,0.29236584416705635,1,0,0.5147082688618853,1,0.059159876663617626,0,0.26044089100184115,1,2,3,0,0,1,0,0,1,0
0,3,-0.23407043303763592,0,0,-0.5491088773970043,0,-0.5609748304808925,1,-0.3973637902400713,0,2,0,0,0,1,0,0,0,0
0,3,0.7435969389139355,0,0,-0.16646411453197382,0,-0.5609748304808925,1,0.17584712087562057,0,2,2,0,0,1,0,0,0,0
0,2,0.4427762090826827,0,0,-0.4876386579974721,0,-0.5609748304808925,1,-0.30527994671725833,0,2,1,0,0,1,0,0,0,0
0,3,-1.7381740821938996,4,2,0.0011819383758412065,0,3.1598334123861687,0,-0.5178973243112858,1,0,3,0,0,1,0,1,0,0
0,3,0.1043528880225234,0,0,-0.5452853709271769,0,-0.5609748304808925,1,-0.39163608705444175,0,2,1,0,0,1,0,0,0,0
0,1,0.8188021213717487,0,0,-0.7346959991247785,1,-0.5609748304808925,1,-0.675377691019473,0,2,0,0,0,1,0,0,0,0
0,3,-0.45968598041107545,0,0,-0.548226529750121,0,-0.5609748304808925,1,-0.39604201258184907,1,2,1,0,0,1,0,1,0,0
0,2,0.14195547925143,1,1,0.13598583540313294,0,0.6792945838081278,0,-0.2406103592827108,0,2,3,1,0,0,0,0,0,0
0,3,1.0444176687451883,0,0,-0.5829322038608618,0,-0.5609748304808925,1,-0.44803193380525547,0,2,0,0,0,1,0,0,0,0
0,3,-1.437353352362647,3,2,-0.07822934984365013,0,2.5396987052416584,0,-0.5114772613999208,0,0,2,0,0,1,1,0,0,0
1,1,1.7212643108655068,1,1,1.4652908004374259,1,0.6792945838081278,0,0.42316640714741804,1,2,3,0,0,1,0,0,1,0
1,3,-0.15886525057982273,0,0,-0.5308736926947507,0,-0.5609748304808925,1,-0.3700470519701459,0,2,1,0,0,1,0,0,0,0
0,1,0.6683917564561223,0,0,-0.7346959991247785,0,-0.5609748304808925,1,-0.675377691019473,0,2,0,0,0,1,0,0,0,1
1,3,-0.15886525057982273,0,1,-0.44116834859495496,1,0.059159876663617626,0,-0.4555220072018478,1,2,1,0,0,1,0,0,1,0
0,3,-2.038994812025152,4,1,0.19912192715998075,0,2.5396987052416584,0,-0.4422307985275025,0,0,3,0,0,1,1,0,0,0
0,3,-0.3092756154954491,0,0,-0.5711675685690852,0,-0.5609748304808925,1,-0.4304082316956262,0,2,0,0,1,0,0,0,0,0
0,3,-0.3092756154954491,0,0,0.5946089659095145,0,-0.5609748304808925,1,1.3159526082709134,0,2,3,0,0,1,0,0,0,0
1,2,-2.1141999944829655,0,2,0.13598583540313294,0,0.6792945838081278,0,-0.2406103592827108,0,0,3,1,0,0,1,0,0,0
1,3,-0.3092756154954491,0,0,-0.5523441521022427,0,-0.5609748304808925,1,-0.4022103083202193,0,2,0,0,1,0,0,0,0,0
1,1,2.4733161354436386,0,0,1.1476456475594605,1,-0.5609748304808925,1,2.1444146465212097,1,3,3,0,0,1,0,0,1,0
1,3,-1.061327440073581,1,0,-0.3945992162559869,0,0.059159876663617626,0,-0.4206411759864696,1,1,1,1,0,0,0,0,1,0
1,2,-2.126984875500794,1,1,-0.2935221756831599,0,0.6792945838081278,0,-0.4550814146491071,0,0,2,0,0,1,1,0,0,0
0,3,-0.3092756154954491,0,0,-0.5645981962221572,0,-0.5609748304808925,1,-0.4205671564376092,0,2,0,1,0,0,0,0,0,0
0,3,-0.45968598041107545,0,0,-0.5498924021074366,0,-0.5609748304808925,1,-0.39853752880057264,0,2,0,0,0,1,0,0,0,0
0,3,-0.8357118927001413,0,0,-0.5394030532812887,0,-0.5609748304808925,1,-0.3828242359996271,0,2,1,0,0,1,0,0,0,0
1,1,0.7435969389139355,1,1,1.2219581428434958,1,0.6792945838081278,0,0.3016603804093159,1,2,3,1,0,0,0,1,0,0
0,3,-0.6100963453267019,0,0,-0.5308736926947507,0,-0.5609748304808925,1,-0.3700470519701459,0,2,1,0,0,1,0,0,0,0
0,3,-0.3092756154954491,0,0,-0.5452853709271769,0,-0.5609748304808925,1,-0.39163608705444175,0,2,1,0,0,1,0,0,0,0
1,3,0.2171606617092432,0,0,0.5946089659095145,0,-0.5609748304808925,1,1.3159526082709134,0,2,3,0,0,1,0,0,0,0
1,1,0.8188021213717487,0,0,-0.03587666279325473,1,-0.5609748304808925,1,0.3714702142925055,0,2,2,1,0,0,0,0,0,0
0,3,-0.685301527784515,0,0,-0.548226529750121,0,-0.5609748304808925,1,-0.39604201258184907,0,2,1,0,0,1,0,0,0,0
0,2,-0.9861222576157678,0,0,-0.4876386579974721,0,-0.5609748304808925,1,-0.30527994671725833,0,1,1,0,0,1,0,0,0,0
1,1,0.06675029679361683,0,0,-0.005288611034635832,0,-0.5609748304808925,1,0.4172918397775416,1,2,2,1,0,0,0,1,0,0
0,3,0.40517361785377615,0,0,-0.5832263197431561,0,-0.5609748304808925,1,-0.44847252635799617,0,2,0,1,0,0,0,0,0,0
0,3,-0.9109170751579546,0,0,-0.5308736926947507,0,-0.5609748304808925,1,-0.3700470519701459,0,1,1,0,0,1,0,0,0,0
0,3,0.969212486287375,0,0,-0.5570500062189534,0,-0.5609748304808925,1,-0.409259789164071,0,2,0,0,0,1,0,0,0,0
0,3,-0.3092756154954491,8,2,0.9017647699613317,0,5.64037224096421,0,-0.4525179670695247,0,2,3,0,0,1,0,0,0,0
0,3,0.4427762090826827,0,0,-0.5489135844511608,0,-0.5609748304808925,1,-0.3970712367850514,0,2,0,1,0,0,0,0,0,0
0,2,-0.08366006812200955,0,1,0.04176993013247014,0,0.059159876663617626,0,-0.09379552140170716,0,2,3,0,0,1,0,0,0,1
1,1,0.4427762090826827,1,0,1.3618608328062438,1,0.059159876663617626,0,0.8949681864973552,1,2,3,1,0,0,0,0,1,0
0,3,-1.8885844471095259,4,2,0.0011819383758412065,0,3.1598334123861687,0,-0.5178973243112858,0,0,3,0,0,1,1,0,0,0
0,3,3.375778324937397,0,0,-0.551755920337654,0,-0.5609748304808925,1,-0.40132912321473785,0,3,0,0,0,1,0,0,0,0
0,3,-1.51255853482046,1,1,-0.3759734456620463,0,0.6792945838081278,0,-0.4962527326041491,1,0,2,1,0,0,0,1,0,0
1,1,-0.9861222576157678,0,1,0.19235726186720922,1,0.059159876663617626,0,0.018996172099920126,1,1,3,0,0,1,0,1,0,0
0,2,1.1196228512030013,1,0,-0.12293496395240078,0,0.059159876663617626,0,-0.21716143616911202,1,2,2,0,0,1,0,0,1,0
1,3,-0.8357118927001413,0,1,-0.5146973191685581,0,0.059159876663617626,0,-0.5105960762944393,1,2,1,0,0,1,0,0,1,0
1,1,1.1948280336608146,1,1,3.144497195392677,0,0.6792945838081278,0,1.2616633813789375,1,2,3,0,0,1,0,0,1,0
1,1,1.6460591284076938,0,0,-0.10999386513144661,1,-0.5609748304808925,1,0.26044089100184115,0,2,2,0,0,1,0,0,0,0
1,3,-0.3844807979532623,0,3,-0.28156224744554,0,1.299429290952638,0,-0.5056764198505364,1,2,2,1,0,0,0,0,1,0
0,3,-0.3092756154954491,0,0,-0.5645981962221572,0,-0.5609748304808925,1,-0.4205671564376092,0,2,0,1,0,0,0,0,0,0
0,3,0.8940073038295618,2,0,-0.40273799095083784,0,0.6792945838081278,0,-0.509617373370618,0,2,1,0,0,1,0,0,0,0
0,2,-0.6100963453267019,1,0,-0.4641093874139191,0,0.059159876663617626,0,-0.4727051167587364,0,2,1,0,0,1,0,0,0,0
1,1,1.4204435810342542,0,0,-0.12460083630971629,1,-0.5609748304808925,1,0.23855930246252546,1,2,2,0,0,1,0,0,1,0
0,3,-0.5724937540977952,8,2,0.9017647699613317,0,5.64037224096421,0,-0.4525179670695247,1,2,3,0,0,1,0,1,0,0
0,2,-0.3844807979532623,0,0,-0.4288154815385896,0,-0.5609748304808925,1,-0.21716143616911202,0,2,1,0,0,1,0,0,0,0
1,2,0.969212486287375,0,0,-0.4288154815385896,0,-0.5609748304808925,1,-0.21716143616911202,1,2,1,0,0,1,0,0,1,0
1,2,-0.15886525057982273,1,0,-0.4086203085967261,0,0.059159876663617626,0,-0.4311431400735977,1,2,1,1,0,0,0,1,0,0
0,1,0.14195547925143,0,0,0.45343334240819655,1,-0.5609748304808925,1,1.1044681829553622,0,2,3,0,0,1,0,0,0,0
0,3,-0.3092756154954491,0,0,-0.5111679285810251,0,-0.5609748304808925,1,-0.34052735093651687,0,2,1,0,0,1,0,0,0,0
1,3,-1.8885844471095259,1,1,-0.47273757093690794,0,0.6792945838081278,0,-0.5445710492213827,0,0,1,0,0,1,1,0,0,0
0,3,-0.23407043303763592,0,0,-0.5489135844511608,0,-0.5609748304808925,1,-0.3970712367850514,0,2,0,0,0,1,0,0,0,0
1,1,1.345238398576441,1,1,0.501865992977382,1,0.6792945838081278,0,-0.05791131407955404,1,2,3,0,0,1,0,0,1,0
0,1,0.29236584416705635,0,0,-0.6170496462070135,1,-0.5609748304808925,1,-0.4991406699231803,0,2,0,0,0,1,0,0,0,0
0,3,1.345238398576441,0,0,-0.5229325638728015,0,-0.5609748304808925,1,-0.35815105304614614,0,2,1,0,0,1,0,0,0,0
1,2,-0.08366006812200955,1,0,-0.16999350511950675,0,0.059159876663617626,0,-0.2524088403883706,1,2,2,1,0,0,0,0,1,0
1,3,-1.061327440073581,0,0,-0.5646970191586081,0,-0.5609748304808925,1,-0.42071519553533004,1,1,0,1,0,0,0,1,0,0
0,3,-0.685301527784515,0,0,-0.5030315068132324,0,-0.5609748304808925,1,-0.32833879855749726,0,2,1,0,0,1,0,0,0,0
0,3,-0.7605067102423282,0,0,-0.5489135844511608,0,-0.5609748304808925,1,-0.3970712367850514,0,2,0,0,0,1,0,0,0,0
0,3,-0.3092756154954491,0,0,-0.5489135844511608,0,-0.5609748304808925,1,-0.3970712367850514,0,2,0,0,0,1,0,0,0,0
1,1,2.0220850406967594,0,1,1.2219581428434958,1,0.059159876663617626,0,0.7901794161237105,1,2,3,1,0,0,0,0,1,0
1,2,-0.3092756154954491,0,1,-0.12293496395240078,0,0.059159876663617626,0,-0.21716143616911202,1,2,2,0,0,1,0,0,1,0
0,3,0.29236584416705635,0,0,-0.5489135844511608,0,-0.5609748304808925,1,-0.3970712367850514,0,2,0,0,0,1,0,0,0,0
0,3,-0.5348911628688886,0,0,-0.4872457191787267,0,-0.5609748304808925,1,-0.30469131506679675,1,2,1,0,0,1,0,1,0,0
0,2,-0.08366006812200955,0,0,-0.4876386579974721,0,-0.5609748304808925,1,-0.30527994671725833,0,2,1,0,0,1,0,0,0,0
0,3,-0.3092756154954491,0,0,-0.5688146415107299,0,-0.5609748304808925,1,-0.4268834912737003,0,2,0,0,0,1,0,0,0,0
0,3,0.7435969389139355,0,5,-0.04940599337879768,0,2.5396987052416584,0,-0.5042809163718222,1,2,2,0,1,0,0,0,1,0
0,2,-0.15886525057982273,0,0,-0.4288154815385896,0,-0.5609748304808925,1,-0.21716143616911202,0,2,1,0,0,1,0,0,0,1
1,1,-0.7605067102423282,0,0,-0.02881788161818882,1,-0.5609748304808925,1,0.38204443555828305,1,2,2,0,0,1,0,1,0,0
0,3,-0.5724937540977952,1,2,-0.1829346039404609,0,1.299429290952638,0,-0.4687397837840698,1,2,2,0,0,1,0,1,0,0
1,1,-0.23407043303763592,0,0,-0.02881788161818882,1,-0.5609748304808925,1,0.38204443555828305,0,2,2,1,0,0,0,0,0,0
0,3,0.2171606617092432,0,0,-0.5523441521022427,0,-0.5609748304808925,1,-0.4022103083202193,0,2,0,0,1,0,0,0,0,0
